userId,placeId,rating
1,7299,0
2,9662,5
2,8576,5
2,6979,4
2,8016,2
2,8866,3
2,5140,1
2,9683,4
2,5804,0
3,3909,1
3,8069,4
3,2407,0
3,902,5
3,842,5
3,6090,0
3,5389,2
3,2440,5
3,9922,5
3,4160,4
3,760,4
3,9935,0
3,7514,4
3,4365,0
3,4710,2
3,2671,1
3,2710,3
3,9789,4
3,7001,5
3,2513,2
3,2817,4
3,1328,4
3,1504,1
3,9292,4
3,8729,2
3,2696,5
3,5608,2
3,9091,1
3,1566,2
3,1767,1
3,6572,1
3,6082,2
3,4551,5
3,3168,4
3,120,3
3,7746,4
3,2367,4
4,506,2
4,9758,3
4,6959,0
4,1541,3
4,4716,5
4,2959,2
4,7697,1
4,3342,4
4,9169,3
4,8486,1
4,6629,1
4,9099,4
5,505,5
5,8546,2
5,3033,3
5,139,2
5,5212,2
5,6206,1
5,5211,4
5,8348,2
5,2367,5
5,1310,5
5,6359,0
5,67,4
6,3238,2
6,2810,2
6,1732,0
6,218,4
6,2259,5
6,5817,5
6,4966,0
6,8399,1
6,5593,3
7,8720,1
7,2729,5
7,9284,3
7,7559,3
7,6872,2
7,2547,0
7,7705,3
7,3538,2
7,3289,2
7,4985,1
7,5175,0
7,6428,0
7,9948,1
7,2185,5
7,733,3
7,9029,2
8,2702,1
8,4818,4
8,8890,1
8,9844,5
8,6227,0
8,2710,1
8,7679,1
8,4599,4
8,384,1
8,1734,5
8,9707,1
8,324,2
8,9683,4
8,9727,4
8,6669,1
8,8216,2
8,7889,5
8,3661,5
8,8535,2
8,4469,2
9,5047,3
9,2075,2
9,3302,3
9,8358,5
9,5690,0
9,5588,1
9,130,5
9,7987,5
9,4816,3
9,5743,4
9,9812,1
9,4497,5
9,9311,0
10,1306,3
11,3213,1
11,7991,4
12,2208,2
12,9692,1
12,4861,4
12,286,2
12,1261,4
12,1999,3
12,7502,3
12,9268,2
12,4801,1
12,5460,0
12,8801,1
12,8150,1
12,1387,5
13,5871,0
14,7105,3
14,6301,0
14,1810,5
14,1360,5
14,8782,4
14,2717,2
14,6740,1
14,3828,1
14,5740,5
14,5795,5
14,2302,1
14,8301,2
14,2643,3
14,1462,5
14,9930,4
14,3098,1
14,6042,0
14,3919,5
14,6971,0
14,8971,0
14,3411,2
15,317,0
15,3938,1
15,4768,0
15,2364,5
16,9069,4
16,1453,4
16,9841,0
16,9158,2
16,1413,2
16,5697,4
16,5525,2
16,4989,1
16,8813,4
16,3249,4
16,2095,1
16,7304,3
16,5626,2
16,8859,1
16,2791,4
16,8776,4
16,8155,5
16,1294,1
16,8846,4
16,8694,4
16,9596,0
16,3249,4
16,5884,3
16,3755,1
16,9574,5
16,8190,2
16,5005,5
16,9359,0
16,3517,1
16,8989,3
16,2705,5
16,768,5
17,9948,4
17,7041,3
17,9710,0
17,6664,1
17,7285,4
17,6817,3
17,413,0
17,8710,3
17,8722,3
17,1154,1
17,5272,5
17,7375,5
18,4574,1
18,5252,2
18,7519,0
18,5605,3
19,1992,2
19,9472,0
19,9711,2
19,8096,1
19,3968,2
19,8311,1
19,8918,0
19,7187,5
19,6522,4
19,3198,4
19,3965,4
19,838,4
19,241,3
19,7709,3
19,9934,2
20,3937,4
21,9544,3
21,3164,5
21,9105,1
21,4433,0
21,515,2
21,6467,5
21,5668,1
21,8488,0
22,3541,1
22,226,4
22,3948,1
22,1726,4
22,9560,4
22,1504,3
23,3386,1
23,6316,5
23,1113,5
23,5436,4
23,6529,1
24,652,0
24,6179,5
24,9405,1
24,2892,4
25,6357,3
26,9596,5
27,9477,5
27,7183,0
27,4052,2
27,8249,3
27,1121,1
27,3791,5
27,2832,2
27,1479,2
27,3338,1
27,1787,0
27,2439,1
27,5576,0
27,139,4
27,804,0
27,5946,5
27,4791,5
27,7302,4
27,9384,1
27,310,5
27,4628,5
27,6096,5
27,8045,5
27,4513,1
27,5084,0
27,9064,4
27,207,1
27,8652,0
27,6229,0
27,4608,3
27,63,4
27,5918,0
28,6890,3
28,7450,0
28,2005,1
28,725,1
28,2970,2
28,3892,1
28,3076,1
28,6227,0
28,1331,4
28,2304,3
28,6233,4
28,1854,4
28,3186,1
28,8698,3
28,9720,2
28,3673,2
28,4005,0
28,5423,2
28,8286,0
28,3853,3
28,9549,2
28,288,4
28,8798,4
28,6832,3
28,5521,5
28,7108,0
28,5227,5
28,5186,0
28,7952,1
28,5482,0
28,3981,4
28,2362,5
28,1819,2
28,6392,3
28,7651,3
28,3463,0
28,5486,2
29,7488,1
29,329,1
29,2521,5
30,7348,5
30,6244,5
30,7436,4
30,6816,3
30,9591,5
30,9042,3
30,3619,5
30,6607,0
30,1839,4
30,2433,1
30,4458,0
30,3590,5
30,8873,1
30,5190,0
30,3810,3
30,9570,0
30,9953,2
30,5667,4
30,6105,1
30,2743,5
30,9335,2
30,9707,3
30,7447,5
30,9035,4
30,4647,4
30,2803,4
31,8771,0
31,2863,5
31,7664,5
31,6817,3
31,566,3
31,7603,0
31,9403,4
31,3023,4
31,1485,0
31,4421,2
31,3802,2
31,211,0
31,5784,1
31,4655,5
31,9985,5
31,7224,5
31,1858,0
31,7117,0
31,2362,0
31,1584,2
31,1006,3
31,7092,1
31,1007,5
31,6219,1
31,8136,5
31,8506,2
31,3666,5
31,5565,0
31,7107,4
32,232,3
32,4688,5
32,3488,2
32,1425,4
32,6663,3
32,6698,4
32,8170,0
32,5323,3
32,1627,5
32,5478,4
32,4564,4
32,3707,3
32,9472,0
32,179,3
32,6903,2
32,7950,2
32,6026,1
32,8981,1
32,4512,1
32,9262,0
32,6041,3
32,729,4
32,3834,3
32,3767,2
32,632,1
32,3334,3
32,2228,1
32,7165,4
32,5350,1
32,5921,3
32,515,5
32,2842,2
32,661,5
32,678,4
32,3848,1
32,3085,4
32,9323,1
32,5706,0
32,5691,1
32,5213,1
32,3467,3
32,9032,1
33,3074,4
33,3620,0
33,1823,4
33,4583,5
33,1508,5
33,7197,3
33,1745,1
33,142,4
33,9179,5
33,4899,3
33,4482,5
33,3741,5
33,6756,1
34,3222,1
34,1977,3
34,6329,3
34,8818,2
34,9971,0
34,305,4
34,4869,5
34,3358,2
35,4409,0
35,8963,1
35,7626,1
35,8643,0
35,3671,3
35,3336,3
35,2753,4
35,4298,1
35,1485,5
36,9052,4
36,9778,1
36,3938,1
36,1197,3
36,8603,5
36,4592,3
36,4254,5
36,3990,3
36,4144,0
36,2811,2
36,2067,5
37,4043,1
37,8513,1
37,3001,1
37,357,2
37,4731,4
37,9428,2
37,1965,2
37,7836,4
37,428,2
37,2677,2
37,9222,3
37,7724,1
37,7859,0
37,1953,0
37,323,5
37,621,5
37,3910,0
37,289,0
37,7395,0
37,5331,0
37,5940,0
37,3304,4
37,441,5
37,2031,2
37,2784,5
38,6846,1
38,674,0
39,1636,4
39,6037,3
39,5415,2
39,5404,4
39,1827,5
39,7229,3
39,8414,0
39,6195,0
39,4920,3
39,3747,1
39,5328,0
39,9861,0
39,13,5
39,2866,4
39,1459,4
39,2870,4
39,3951,4
39,4071,2
40,4481,5
41,3852,1
41,7952,4
41,4021,4
41,9581,4
41,473,5
41,6647,1
41,6236,3
41,6653,4
41,8076,5
41,428,2
41,4202,0
42,2792,2
42,557,0
42,6890,3
42,597,0
42,780,4
42,7290,5
42,6812,5
42,8626,5
42,7963,4
42,3376,4
42,3141,5
42,7758,4
42,1928,5
42,4302,2
42,4321,5
42,7102,1
42,4150,0
42,6796,2
43,1845,1
43,2537,0
43,8347,1
43,8157,3
43,3415,1
43,502,4
43,5466,5
43,9386,0
43,4134,2
43,6046,0
43,2023,1
43,9647,1
43,8129,2
43,3718,5
43,5191,1
43,1288,4
43,5774,0
44,8487,4
44,241,2
44,9619,3
44,4662,3
44,9670,5
44,5864,4
44,7324,5
44,4274,1
44,1620,0
44,9827,3
44,6951,0
45,1287,4
46,7709,4
46,7688,0
46,8505,4
46,7017,2
46,9838,3
46,3825,3
46,4532,5
46,8708,4
47,2981,3
47,428,1
47,5315,1
47,2714,1
47,38,1
47,9099,2
47,9312,1
48,2785,1
48,3475,4
48,1436,2
48,3588,4
48,4825,2
48,1563,5
48,150,1
48,3560,5
48,3529,3
48,6454,3
48,9585,5
49,9027,1
49,6213,2
49,3251,2
49,6041,2
49,4253,1
49,3161,5
49,2506,3
49,8466,2
50,2335,4
50,4269,5
50,189,0
50,1658,1
50,4647,0
50,2945,3
50,5062,3
50,2600,5
50,756,0
50,89,0
50,2461,2
50,7496,4
50,525,2
50,5968,5
50,6453,5
50,37,2
50,6519,0
50,8486,5
51,8095,5
51,3917,0
51,9942,0
51,1471,5
51,7264,4
52,8666,4
52,1413,4
52,2949,5
52,3392,3
52,9202,5
52,5123,2
52,4338,3
52,9416,4
52,8205,3
52,5353,4
52,354,3
52,2384,0
52,3073,3
52,6909,2
52,333,5
52,9489,5
52,415,5
52,6931,0
52,9364,1
52,8413,3
52,2910,3
52,7156,1
52,2255,1
52,3331,5
52,5152,5
53,1777,1
53,6944,0
54,3288,5
54,4020,5
54,6559,3
54,1585,3
54,6143,4
55,1682,3
55,9118,2
55,2310,4
55,3511,0
55,8544,2
55,2182,3
55,75,0
55,537,1
55,9589,1
55,1538,4
55,9005,4
55,2988,2
55,5846,3
56,3796,2
56,6533,4
56,8812,0
56,2427,4
56,4386,3
56,2558,4
56,2396,2
56,1189,4
56,9081,0
56,4071,5
56,6332,3
56,4289,0
56,4254,0
56,8538,0
56,7534,2
57,1854,4
57,2530,0
58,7840,3
59,3886,4
59,5762,3
59,1250,2
59,8017,3
59,3354,3
59,8249,3
59,711,3
59,5577,3
59,5040,4
59,1100,3
59,1877,1
59,8218,4
59,5166,4
59,8902,2
59,7676,2
59,7691,0
59,8056,4
59,8989,5
59,1551,1
59,6328,5
59,5864,1
59,948,3
59,8724,1
59,5675,4
59,9610,0
59,7827,0
59,4548,1
59,3675,4
59,3782,2
59,6219,5
60,2594,5
60,8532,2
60,820,4
60,5885,5
60,3638,4
60,2806,4
60,1577,2
60,8790,1
60,7185,0
60,1546,2
60,2028,3
60,3688,2
60,4406,5
60,3899,3
61,2120,5
61,4535,0
61,7153,3
61,7272,4
61,3442,3
61,8234,0
62,5315,3
63,1382,5
63,2681,1
63,8726,2
63,5677,4
63,2452,4
63,989,3
63,3040,0
63,2305,1
63,6039,2
63,7576,5
63,7387,2
63,1799,1
63,1413,5
63,9577,4
63,3414,4
63,4104,4
63,2887,5
63,7385,0
63,5909,5
63,5573,2
63,7836,3
63,7107,4
63,2485,5
63,5910,1
63,3401,5
63,3530,4
63,348,3
63,4085,5
64,6149,1
64,2964,5
64,4410,1
64,3131,5
64,7185,3
64,5772,3
64,4882,5
64,2807,4
65,5371,5
65,6767,5
65,9839,5
65,435,2
65,6259,4
65,921,2
65,589,3
65,4409,1
66,1394,3
66,5796,2
66,4647,4
66,2360,3
66,7501,1
67,5246,0
67,3298,1
67,9342,1
67,3289,5
67,6538,2
67,2926,0
67,1112,3
67,9021,3
67,7548,3
67,6565,0
67,4618,5
67,6069,4
67,7469,3
67,7179,2
68,2180,4
68,3398,2
68,5694,4
68,9764,2
68,9151,5
68,2027,4
69,6726,1
69,7631,3
69,4371,1
69,8814,5
69,3323,4
69,4921,0
69,3577,1
69,6534,2
69,3068,2
69,1552,1
69,3252,2
69,944,4
69,4074,4
69,3096,4
69,3312,2
69,508,4
69,3677,2
69,492,3
69,731,2
69,7796,3
69,6326,4
69,2576,2
69,8410,3
69,3965,5
69,4967,5
69,2547,3
69,5013,1
70,4227,0
70,8609,1
71,9647,5
71,6919,1
71,5279,4
71,3702,2
71,8151,3
71,9744,0
71,5325,2
71,5515,3
71,8600,3
71,7611,3
71,9666,2
71,142,3
71,7558,4
71,5923,4
71,5177,4
71,9811,5
71,5999,0
71,4481,0
71,8081,2
71,3411,0
71,1282,3
71,5498,2
71,7426,0
71,6055,0
71,1235,4
71,8689,5
71,5977,5
71,3363,1
71,7476,1
71,7421,5
71,2129,1
71,2497,3
71,744,0
71,1518,2
71,9371,2
71,9052,0
71,4371,1
71,2564,3
71,6078,3
71,961,5
71,8027,5
71,9737,3
71,1737,1
72,3280,0
72,27,4
73,6873,5
73,8033,3
73,470,4
73,2506,1
74,5094,3
74,3491,5
75,6690,4
75,3189,4
75,2249,2
75,4335,5
76,5720,3
77,8932,2
77,5722,5
77,2463,2
77,281,2
77,277,4
77,3513,5
77,2134,0
77,9329,1
77,8344,2
77,631,1
77,7736,0
77,9094,5
77,2173,1
78,855,3
78,3111,2
78,8583,3
78,3021,0
78,789,3
78,9320,5
78,6081,1
78,1430,4
78,8834,4
78,126,1
78,7729,4
78,4988,4
78,4077,1
78,8920,4
78,1191,4
78,8334,5
78,3548,5
78,9678,2
78,1014,4
78,7938,4
78,5783,2
78,6166,3
78,2687,5
78,5320,2
79,8128,3
79,9687,2
79,6751,5
79,2013,3
79,2667,0
79,2424,2
79,7274,0
79,7492,3
79,338,5
79,9861,2
79,358,1
79,4162,3
79,103,1
79,2804,3
80,901,0
80,4055,0
80,9282,0
80,9407,2
80,9387,0
80,9053,3
80,9971,1
80,6021,3
80,8547,1
80,5740,1
80,1795,5
80,2296,4
80,3212,1
80,4278,1
80,6146,2
80,8473,0
80,3985,1
80,896,3
80,8121,1
80,2037,4
80,482,2
80,9864,3
80,4277,1
80,6790,5
80,444,5
81,5729,2
81,6112,1
81,370,2
81,3563,2
81,4183,3
81,2066,5
81,2610,4
81,9177,5
81,3926,1
81,1653,1
81,3014,5
81,673,2
81,1275,3
81,5767,1
81,3135,2
81,6494,5
81,6326,4
81,4782,3
81,7623,2
81,5269,5
81,5119,0
81,8518,3
81,5175,0
81,4247,1
81,7712,1
81,972,4
81,3619,3
81,6485,2
81,6098,5
81,2941,3
81,6476,1
81,6600,4
81,6119,1
81,3771,0
81,6457,1
81,7469,0
81,4704,4
81,8613,5
81,4899,4
81,573,0
81,6871,1
82,6558,3
82,2985,4
82,2076,3
82,1263,5
82,7573,2
82,2060,2
82,9984,3
82,3415,2
82,9393,3
82,2927,0
82,9051,5
82,4499,5
82,6173,5
82,1691,5
82,4718,2
82,7675,3
82,2187,2
82,152,0
82,4824,1
82,8870,0
82,690,2
82,6775,4
82,4626,3
83,1222,2
84,820,2
84,8410,5
84,6986,4
84,2448,4
84,3463,1
84,2884,3
84,6019,4
84,1960,2
84,6610,5
84,5508,2
84,1736,4
84,9323,2
84,1638,1
84,2856,2
84,4610,3
85,2700,0
85,560,4
85,9780,5
85,8375,0
85,9420,1
85,3403,1
85,5141,0
85,7424,1
85,8696,5
85,233,5
85,8734,5
85,4164,5
85,5289,5
85,3571,2
85,1156,4
85,7902,3
85,4428,5
85,1622,2
86,5841,1
86,61,1
86,796,5
86,8093,5
86,4169,2
86,8441,4
86,249,1
86,306,1
86,6082,5
86,3865,2
86,5822,5
86,1615,1
87,6722,5
87,8140,3
87,5505,5
87,8945,2
87,1485,4
87,4457,1
87,9862,2
87,3755,2
87,2758,1
87,3642,2
87,1058,3
87,428,3
87,2964,4
87,7631,0
88,7652,2
88,5011,5
88,1775,3
88,3105,0
88,4130,0
88,6139,1
88,8655,1
88,4586,3
88,5700,0
88,8965,0
88,7273,1
88,8274,1
88,4172,0
88,5688,5
88,5671,4
88,1880,5
88,8242,0
88,6345,5
88,3532,4
88,5517,1
88,7258,1
88,548,5
88,2753,3
88,3362,0
88,5331,5
88,468,0
88,9458,3
88,9573,1
89,5919,3
89,6701,5
89,5526,1
89,6156,5
90,9412,0
90,4387,4
90,8000,0
90,3544,2
90,9783,5
90,5678,4
90,6468,4
91,5469,5
91,3666,4
91,9652,2
91,470,4
92,5590,3
92,5410,0
93,3479,5
94,5658,3
94,7142,3
94,1175,4
94,652,0
94,7239,1
94,86,5
94,11,3
94,286,0
94,8584,0
94,2212,4
94,283,5
94,7994,3
94,3878,2
94,8701,3
94,2136,0
94,276,5
94,8736,4
94,2507,0
94,5943,5
94,141,5
94,6767,0
94,9262,0
94,7911,0
94,5786,3
94,9837,2
94,1205,0
94,6417,5
94,8422,4
94,4547,1
94,2711,1
94,1431,5
94,7714,5
94,5897,3
94,371,3
94,3303,1
94,6282,2
94,4588,4
94,3570,0
94,9359,3
94,3491,5
94,5637,3
94,8461,0
94,1313,4
95,4866,4
95,4650,1
95,7842,1
95,8066,0
95,5012,5
95,3129,5
95,5955,3
96,4148,5
96,90,5
96,5517,5
96,4930,2
96,8962,1
96,9998,1
96,8630,2
96,6678,4
96,3538,4
96,8135,0
96,769,0
97,5002,5
97,8982,0
97,6505,1
97,9104,4
97,2709,1
98,6533,2
99,8419,1
99,8349,5
99,6909,0
99,7642,1
99,2271,4
99,7827,4
99,5359,5
99,9247,3
99,9292,3
99,9097,3
99,6656,4
99,3245,4
99,4857,1
99,7651,0
99,9386,4
99,6168,2
99,6973,2
99,6726,1
100,5810,0
100,505,5
100,1240,1
100,7474,1
100,5935,3
100,9357,5
100,4577,0
100,8853,5
100,487,5
100,8093,3
100,5093,1
100,7960,5
100,7228,0
100,2370,1
100,7025,0
100,2431,0
100,6113,5
100,6378,0
100,5698,5
100,2059,2
100,2750,0
100,3180,0
100,8691,1
100,3313,2
100,8509,1
100,6057,0
100,8135,4
100,2339,3
100,3073,4
100,6453,4
100,5485,1
100,78,3
100,8433,5
100,4398,4
100,4646,0
100,5223,3
100,2844,4
100,8083,1
100,7447,0
100,2955,0
100,8924,0
100,2477,4
100,8295,1
100,776,2
100,8388,5
100,6223,5
100,157,1
100,8741,2
101,6416,3
101,5368,1
101,3044,2
101,6629,4
101,6336,2
101,8746,2
101,3184,0
101,7151,0
101,8738,0
101,4875,0
102,2004,1
103,3365,5
104,1846,3
105,1807,1
105,7676,2
105,3963,4
105,638,4
106,6339,2
106,4081,5
107,8383,1
108,9575,0
109,1916,0
109,3606,4
109,7233,4
109,7157,2
109,3079,0
109,8054,1
109,9850,2
109,1114,2
109,6102,1
109,1313,3
109,2604,1
109,568,2
109,5946,1
109,1372,2
109,9495,0
109,1591,0
109,5099,4
109,7285,3
109,1090,3
109,866,3
109,4616,3
109,4533,1
109,6637,0
109,4131,5
109,9624,3
109,3052,0
109,4629,0
110,38,5
110,6709,5
110,7829,4
110,8217,4
110,3853,2
110,607,5
110,7999,1
110,8587,5
110,9428,4
110,4780,5
110,2595,0
110,3581,4
110,3976,0
110,2364,1
110,6307,3
110,9192,0
110,4912,0
110,2146,2
110,200,0
110,2318,0
110,9932,2
110,9273,3
110,3979,2
110,6976,0
110,2596,1
110,4358,4
110,5768,4
110,475,2
110,1818,1
110,2912,1
110,4517,1
110,7549,2
110,6967,4
110,5595,3
110,6765,2
110,473,2
111,1285,1
111,8782,0
111,8240,0
111,3224,1
112,1544,4
112,871,4
112,3807,3
112,9333,2
112,4367,4
112,4143,2
112,273,1
112,6222,0
112,336,1
112,5789,5
112,6036,3
112,8274,1
113,325,1
113,9913,0
113,1812,2
113,1405,5
113,2971,5
113,9469,1
113,1331,5
113,990,1
113,9342,0
113,2090,2
113,1773,3
113,1253,1
113,9357,5
113,2609,3
113,1519,2
113,2200,0
113,9176,2
113,7990,1
113,6032,1
113,4515,2
113,7165,1
113,131,5
113,245,2
113,4661,1
113,9883,0
113,246,5
113,5020,3
113,508,4
113,1533,2
113,5380,3
113,2229,4
113,3318,2
113,1541,1
113,7213,4
113,9001,4
113,1662,3
113,2936,2
113,3412,5
113,7038,2
113,4856,4
113,6764,4
113,3760,2
113,6332,0
113,718,4
113,1442,0
113,7608,3
113,5279,3
114,7533,0
114,6740,1
114,130,4
115,283,1
115,4622,0
115,9108,5
115,5122,1
115,2147,4
115,5683,5
115,1727,0
115,1431,2
115,4135,0
115,1363,2
116,2566,3
116,5558,0
116,8434,2
116,2729,4
116,8704,4
116,8799,2
116,4093,0
116,1488,2
116,9409,3
116,8382,1
116,1328,2
116,8877,4
116,6727,4
116,8456,0
116,7581,2
116,7027,3
116,1993,2
116,1576,4
116,4436,2
116,3075,3
116,5006,1
116,130,4
116,2328,2
116,7744,1
116,7710,3
116,4827,0
116,693,0
116,2041,1
116,8016,0
116,9085,1
116,4472,0
116,8907,1
116,2893,3
116,6963,5
116,3783,4
116,4375,4
116,4998,5
116,6312,3
116,2893,2
116,3540,2
116,5451,3
116,2615,4
116,5649,4
116,1703,1
116,2023,1
116,6388,2
116,9695,5
116,831,2
116,4872,4
117,9288,4
117,3117,0
117,5968,1
117,9334,2
117,6942,1
117,3667,5
117,8982,1
117,1634,0
117,2794,4
117,7841,1
117,4369,1
117,7283,0
117,8884,5
117,1954,3
117,1215,4
117,9667,2
117,9338,5
117,6917,2
117,7245,0
117,5584,4
117,6962,2
117,5298,5
117,4464,0
117,8217,3
117,3483,5
117,2471,2
117,7998,4
117,5468,4
117,8669,1
117,6374,5
117,4922,5
117,9602,2
117,4164,1
117,1927,3
118,3117,3
118,7775,5
118,8583,0
118,9746,3
118,655,2
118,6278,1
119,8624,0
119,2906,2
119,7903,2
119,3144,2
119,3142,0
119,8942,1
119,7617,5
119,9545,0
119,9398,0
119,6397,5
119,6683,5
119,5223,0
119,7491,3
119,7016,5
119,9573,3
119,3790,5
119,5944,2
119,8566,4
119,8644,2
119,4985,1
119,3709,1
119,602,0
119,9884,4
119,5522,0
119,5684,3
119,4309,0
119,8166,1
120,7370,3
120,8133,5
120,7923,0
120,5826,1
120,3136,3
120,4486,2
120,2780,0
120,3600,1
120,6422,5
120,9019,2
120,5420,3
120,3782,1
120,8492,1
120,3028,3
120,22,4
120,7526,2
120,3724,1
120,814,1
120,5192,5
120,8692,2
120,7402,1
120,3014,1
120,7905,1
120,6073,5
120,7363,0
120,7418,3
120,1672,0
120,1431,5
120,6345,0
120,9838,2
120,3895,0
120,1120,0
120,24,1
120,5874,1
120,6104,0
120,4952,4
120,2213,2
120,9089,3
120,5313,3
120,3308,3
120,7151,5
120,196,3
120,5392,5
121,1166,3
121,2109,1
121,9830,1
121,6349,2
121,7544,2
121,4483,5
121,5323,1
121,7732,0
121,3215,4
121,2803,5
121,4661,2
121,9063,1
121,1225,5
121,9792,0
121,5269,3
121,8124,2
121,8330,3
121,7181,0
121,3703,0
121,4876,5
121,3452,0
121,7026,5
122,1352,2
122,2055,1
122,7011,3
122,7825,0
122,1531,1
122,7675,1
122,49,3
122,6668,4
122,3738,5
122,6641,0
122,1690,2
122,1948,0
122,5601,3
122,803,3
122,4170,1
122,6194,3
122,4695,3
122,7189,1
122,1804,2
122,3318,0
122,8907,5
122,6792,0
122,6901,5
122,3348,4
122,3963,4
122,4727,2
122,2791,5
122,1004,1
122,9643,4
122,5352,1
122,8190,1
122,1809,2
122,7729,1
122,691,1
122,4560,3
122,551,2
122,8195,1
122,1854,5
122,6557,4
122,2953,1
122,690,2
122,4545,0
122,9210,4
122,9658,1
122,2535,1
122,6784,4
122,9926,5
122,5141,4
122,8314,5
123,3803,5
123,164,0
123,8626,0
123,1687,0
123,1051,5
123,6601,5
123,927,1
124,2812,4
124,4071,4
124,8686,2
124,9640,1
124,1973,0
125,2751,4
125,2577,1
125,4789,2
125,3474,3
125,2335,5
125,9100,1
125,3909,4
125,2390,4
125,1996,2
125,8143,4
125,1517,3
125,4512,5
126,548,5
126,5788,2
126,9649,0
126,3209,1
126,6031,0
126,51,5
126,4461,0
127,8533,4
128,5434,1
128,6182,4
128,4364,3
128,2931,5
129,2134,4
129,3023,5
129,4212,2
129,5138,2
130,8494,4
130,9177,1
131,2135,0
131,1898,0
131,3000,5
131,3043,3
131,8621,4
131,7466,1
131,7868,5
131,1779,2
131,9208,0
131,1860,2
131,7123,3
132,9968,4
132,6246,4
132,190,1
132,6584,2
132,667,1
132,5944,0
132,6878,2
132,3003,2
132,1060,0
132,7493,3
132,2665,4
132,5297,3
132,7173,1
132,6506,3
132,2856,5
132,7746,5
132,1301,0
132,6117,3
133,4773,4
133,8218,4
133,2747,0
133,2604,3
133,2546,3
133,9735,3
133,3830,1
134,8880,0
134,1981,0
134,2416,1
134,6914,2
134,3907,1
134,3408,5
135,732,5
135,6712,2
135,7483,1
135,5830,0
135,7421,5
135,6174,2
135,1123,3
135,4355,4
135,9866,0
135,8604,0
135,3685,5
135,7796,5
135,8115,0
135,2768,1
135,4635,3
136,5131,1
136,9173,3
136,6962,5
136,5675,1
136,2423,0
136,5353,2
136,7791,2
136,5215,1
137,8105,4
137,7592,0
137,9429,0
137,3740,0
137,7072,5
137,8163,1
137,6355,3
137,5835,3
137,517,2
137,6701,3
137,8616,5
137,1841,3
137,5201,5
137,6695,5
137,9046,5
138,4205,0
138,2169,0
138,5561,4
138,6046,2
138,1137,3
138,3956,4
138,4799,2
138,6761,0
138,365,1
138,6130,0
138,9071,3
138,7657,4
138,1935,0
138,4863,0
138,7772,1
139,5206,2
139,3261,0
139,6620,0
139,7040,3
139,7224,0
139,3503,4
139,9977,1
139,3137,3
139,7071,2
139,6137,3
139,6544,2
139,7632,0
140,4623,3
140,7606,2
140,2705,5
140,8873,2
140,2666,1
140,3292,3
140,111,5
140,2728,3
140,1752,2
140,8149,0
140,3543,2
140,2131,1
140,7605,3
140,5167,4
140,6913,2
140,4943,4
140,5751,2
140,3374,4
140,7572,4
140,4984,3
140,1779,2
140,6528,1
140,4267,0
140,6841,4
140,3789,0
140,176,1
140,4421,3
140,5429,0
140,9457,5
141,1920,3
142,2711,2
142,1413,0
142,3582,4
142,1551,5
142,9989,2
142,3419,2
142,9013,5
142,7232,3
142,122,1
142,3633,4
142,9697,0
142,6116,0
142,145,4
142,1398,1
142,7863,4
142,3804,1
142,8729,2
142,4856,0
142,2353,0
142,2395,2
142,8493,0
142,8982,1
142,1229,3
142,5400,2
142,4769,5
142,776,0
142,8929,2
142,8810,3
142,9068,2
142,3846,3
142,7668,0
142,2641,4
142,9504,4
142,7162,3
142,8557,0
142,6412,0
142,9640,4
142,9403,3
142,2414,5
142,5815,4
143,7787,3
143,9456,4
143,3232,0
143,9356,2
143,1070,5
143,7404,5
143,1345,4
143,349,1
143,3409,0
143,5221,2
143,1949,2
143,6444,3
143,3786,3
143,4888,0
143,7830,3
144,3344,2
144,651,5
144,1636,0
144,4598,0
145,571,2
145,1406,2
145,1789,4
145,5851,5
146,5520,3
146,9538,1
146,1490,4
146,3790,2
146,3706,4
146,7669,2
146,3368,1
146,7685,2
146,1517,3
146,9358,0
146,3750,3
146,7798,5
146,5946,1
146,951,5
146,7714,0
146,1566,4
146,8063,0
146,1193,1
146,7151,1
146,5421,4
146,7675,4
146,6417,3
146,343,1
146,2874,5
147,5814,0
147,6899,0
147,1307,2
147,8820,2
147,9779,4
147,5438,1
147,1834,3
147,6764,2
147,8939,1
147,2105,2
147,9876,5
147,5719,4
147,9601,4
147,9920,2
147,7546,2
147,6850,1
147,7545,3
147,7412,2
147,8460,2
147,8281,0
147,6053,3
147,1204,3
147,5806,0
147,727,3
147,350,0
147,3386,1
147,6318,1
147,2960,1
147,6172,5
148,9887,1
148,1141,3
148,206,4
148,7937,1
148,6890,1
148,7021,4
148,7654,3
148,4907,2
148,273,4
148,144,1
149,8616,3
149,2023,2
149,6013,3
149,6939,2
149,2360,3
149,1976,2
149,7031,5
149,662,0
149,1787,0
149,6129,5
149,2431,1
150,3099,3
150,7939,3
150,859,2
150,5340,1
150,7293,5
150,4813,4
150,4062,3
150,8963,2
150,2772,1
150,7039,3
150,9635,1
150,9250,1
150,6224,2
150,6764,2
150,9122,4
150,8937,0
150,4343,2
150,5154,0
150,42,0
150,8708,4
150,4288,4
150,3629,4
150,7324,0
150,9960,5
150,4518,0
150,388,1
150,6923,5
150,6742,4
150,1701,2
150,1750,0
150,2437,3
150,7712,1
150,6222,1
151,421,4
151,1080,1
151,9052,1
151,969,0
152,8682,4
152,6659,0
152,5623,0
152,1075,1
152,1610,4
152,7937,3
152,5818,4
152,6939,4
152,8393,0
152,9249,3
152,8724,2
152,6261,1
152,6780,0
153,9355,1
153,8852,3
153,5686,5
153,7940,3
153,6913,1
153,9173,4
153,776,2
153,3498,3
153,8891,0
153,4314,4
153,9420,3
153,2783,4
153,4045,0
153,3484,5
153,5357,2
153,5304,4
153,6527,1
153,5234,5
153,1457,3
153,4377,2
153,7672,2
153,6051,3
153,3922,4
153,976,1
153,4830,2
153,1183,0
153,352,5
153,1271,5
153,5720,1
153,4158,3
153,5529,3
153,1456,1
153,6787,0
153,3650,2
153,2819,1
153,9683,3
153,7682,1
153,2088,3
153,5862,2
153,7116,2
153,3301,0
153,2932,4
153,3136,5
153,4031,2
153,6081,2
153,5420,0
153,4667,4
154,7317,0
154,8056,4
154,8312,1
154,5809,0
154,1133,5
154,9287,4
154,8566,4
154,4334,4
154,3216,3
154,5660,5
154,5306,5
154,5465,0
154,5391,5
154,8824,5
154,5066,4
154,7225,4
154,7649,3
154,4202,1
154,3193,1
154,9784,1
154,235,2
154,5830,1
154,8203,3
154,6580,0
154,794,5
154,1498,1
154,8546,3
154,1367,5
154,2143,1
155,4616,0
156,3921,1
157,2230,5
157,2884,2
157,849,4
157,7808,2
157,3101,0
157,1819,1
157,6253,5
157,9993,5
158,8847,4
158,1171,2
158,834,5
158,9169,1
158,7265,5
158,6093,2
158,309,2
158,6105,3
158,3072,2
158,2973,3
158,134,3
158,3221,2
159,3796,1
159,9124,0
159,415,3
159,3020,1
160,8509,3
160,5192,1
160,4819,3
160,2833,3
160,3194,5
160,9585,2
160,3460,3
160,4669,0
160,9854,3
160,668,1
160,957,3
160,1154,4
160,9416,5
160,6173,4
160,2037,5
160,1943,5
160,6342,4
160,7007,2
160,9146,2
160,7357,0
160,2325,4
160,6934,4
160,1869,0
160,5309,2
160,8127,4
160,9693,4
160,7915,3
160,7541,2
160,1362,4
160,8749,4
160,9050,5
160,555,5
160,398,2
160,3723,4
160,8172,0
160,4926,3
160,2559,2
160,4891,5
160,8733,0
160,8105,0
160,6902,3
160,1311,5
160,3245,4
160,5585,4
160,2281,0
160,5085,0
160,9874,2
160,5248,1
160,9329,3
161,1542,4
161,8698,4
161,2428,2
161,998,2
161,7442,5
162,8546,4
162,6472,1
162,9736,3
162,6454,3
162,949,2
162,9243,0
162,6638,0
163,4930,4
163,5827,5
163,4654,1
163,9439,1
164,4744,0
164,6514,2
164,6071,0
164,6192,3
164,1209,1
164,8919,1
164,6146,2
164,8149,5
164,1343,3
164,7760,5
164,546,3
164,8828,1
164,8359,3
164,6345,1
164,5210,5
164,3763,4
164,9963,2
164,9304,2
164,602,4
165,3893,1
165,7888,4
165,8807,3
165,7806,0
165,3921,3
165,8857,2
165,7453,3
165,9274,0
165,1880,0
165,5487,0
165,7276,1
165,1056,4
165,5516,3
165,2753,4
165,4163,0
165,6654,0
165,7435,2
165,6965,3
165,1399,4
165,7834,5
165,3157,0
165,7334,5
165,4175,3
165,6261,5
165,5481,2
165,7576,3
165,4802,1
165,3572,1
165,8137,0
165,4538,4
165,274,0
165,2276,0
165,8795,5
165,9470,5
165,1126,2
165,2408,4
165,8156,0
165,1756,0
165,3349,2
165,5000,0
165,5929,0
166,2472,0
166,2909,4
166,2095,2
166,1223,4
166,6790,3
166,4057,1
166,2434,1
166,120,4
166,3093,1
166,8062,4
166,5092,1
166,6492,0
166,3701,3
166,9959,5
166,2878,0
166,7665,1
166,3821,4
166,6240,5
166,8206,0
166,5851,3
167,5252,0
167,1421,3
167,2872,2
167,7500,5
167,2782,5
167,4974,4
167,6855,0
167,9211,1
167,9219,0
168,1583,3
168,3359,1
168,8817,3
168,2916,4
168,8874,3
168,6662,2
168,3174,1
168,6720,4
168,7980,4
168,5277,4
168,5273,1
168,246,2
168,2362,5
168,9245,1
168,8877,4
168,9757,4
168,1654,2
168,3767,5
168,7845,3
168,5973,0
168,2391,3
168,3911,0
168,4765,5
168,7870,0
168,2054,3
168,2933,0
168,7229,2
168,4372,5
168,2153,2
168,3043,2
168,9759,4
168,7814,4
168,9485,2
168,1832,2
168,3796,2
168,3254,5
169,2824,3
170,8399,0
170,1077,0
170,6254,0
170,3361,5
170,8602,0
170,3496,2
170,9030,4
171,2890,0
171,8332,3
171,6206,3
171,1640,5
171,8166,4
171,7010,1
171,9082,0
171,6277,5
171,4916,0
171,7137,2
171,6343,5
172,8461,3
172,9167,3
172,8074,5
172,4366,2
172,3851,3
172,3986,1
172,8675,3
172,3880,4
172,347,4
172,9103,3
172,9591,0
172,4389,5
173,6021,5
173,3573,5
173,5345,1
173,4100,3
173,6084,5
173,5318,4
173,6647,3
173,7462,4
173,9065,4
173,1627,1
173,2724,3
173,2342,2
173,9628,3
173,5444,5
173,1979,3
173,7145,4
174,3070,1
174,6083,5
174,1998,3
174,2226,4
174,3592,1
174,2570,5
174,1269,1
174,9534,2
174,7883,5
174,831,5
174,5147,0
174,8313,4
174,3546,5
174,1295,3
174,6885,1
174,6843,4
174,2708,3
174,2189,4
174,3698,5
174,3310,0
174,2024,0
174,9813,2
174,7395,0
174,8928,5
174,9047,2
174,2166,4
174,8567,5
174,6672,1
174,6382,1
174,6783,3
174,2061,5
174,8090,2
174,2433,3
174,2482,2
174,1064,4
174,9311,0
174,6732,3
174,840,5
174,4338,3
175,7074,3
175,6483,0
175,290,1
175,2433,0
175,8159,0
175,2644,3
175,9008,0
175,4005,3
175,4929,2
175,4380,2
175,9612,4
175,9384,3
175,2925,1
175,4569,0
175,1258,4
175,5256,1
175,3694,3
176,3918,2
176,8013,3
176,423,3
176,8969,2
176,2809,2
176,1529,5
176,6147,2
176,6248,3
176,2936,4
176,9127,0
176,814,0
176,7257,4
177,2023,5
177,7003,1
177,9889,5
177,9639,0
177,2742,2
177,8146,2
177,3010,0
177,9471,0
177,6448,4
177,2685,4
177,5197,4
177,219,2
177,1590,4
177,3985,2
177,5275,4
177,1221,2
177,8447,4
177,8448,2
177,7600,0
178,2725,1
179,4408,3
179,6156,1
179,6185,2
179,6670,1
179,7181,0
179,6112,0
179,2281,3
179,1917,0
179,8553,4
179,5034,2
179,1513,1
179,3677,5
179,1352,1
179,5613,4
179,3746,5
180,771,3
180,5802,2
180,9121,5
180,5737,1
180,1634,0
180,9694,1
180,1469,2
180,9883,4
180,6335,0
180,1412,3
180,2629,0
180,2276,3
180,7004,0
180,6133,1
180,4206,2
181,3787,4
181,4966,5
181,2176,0
181,81,2
181,1818,5
181,1371,2
181,1475,0
181,5795,0
181,2850,2
181,2359,5
181,7942,0
181,3454,0
181,6938,3
181,2702,4
181,6431,5
181,5250,2
181,429,1
181,3980,5
181,8168,3
181,4124,1
181,1299,3
181,5101,1
181,3824,3
181,3995,0
181,8501,2
181,298,3
181,4964,0
181,1910,5
182,9831,3
182,9899,1
182,3702,2
182,6324,1
182,461,0
182,4695,3
182,5360,3
182,1849,5
182,2803,2
182,5260,0
182,4144,3
182,6132,4
182,8028,5
183,557,1
183,2472,1
183,7031,0
183,5922,5
183,8831,4
183,1677,5
183,7467,1
183,517,5
183,787,1
183,3722,1
183,3996,4
183,5864,4
183,8233,0
183,6413,5
183,7343,1
183,7681,5
183,8062,2
183,3809,3
183,2873,2
183,8777,4
183,9375,0
183,8968,1
183,3789,3
183,3611,4
184,6565,0
184,829,4
184,76,1
184,5692,0
184,3444,3
184,6474,1
184,8497,4
184,4001,2
184,7377,1
185,1220,1
185,3674,1
185,7261,4
185,6955,1
185,9350,5
185,7548,3
185,7262,3
185,7147,5
185,5461,2
186,9335,0
186,3,3
186,655,4
186,8729,3
186,2980,3
186,7854,5
186,5994,5
186,8149,1
186,6137,4
186,410,0
186,2764,0
186,8767,0
186,4205,4
186,3295,2
186,7781,5
186,462,0
186,659,1
186,294,2
186,6151,3
186,4457,2
187,6899,0
187,6329,0
187,3507,5
187,7537,5
187,1095,3
187,1408,4
187,217,0
187,4920,4
187,1358,1
187,6116,2
187,5473,3
187,1801,3
187,4135,1
187,9456,2
187,2784,1
187,8834,0
187,8202,4
187,8764,2
187,7187,5
187,7441,3
187,3334,0
187,7010,4
187,1457,2
187,1632,1
187,7692,4
187,1130,5
187,4606,2
188,6594,0
188,8780,3
188,8067,2
188,839,1
188,7984,1
188,6292,1
188,2747,0
188,4125,0
188,4160,0
188,2449,0
188,3064,2
188,3493,0
188,499,1
189,5413,3
189,5459,5
189,5948,4
189,4554,2
189,7982,4
189,1270,1
189,8864,3
189,3491,0
189,1358,4
189,9492,3
189,900,1
189,4197,2
190,9232,4
190,1529,1
191,639,5
191,8406,0
191,3936,0
191,9361,3
192,9822,0
192,1038,0
192,7849,2
192,1606,2
192,1997,1
192,4500,5
192,8413,2
192,1098,2
192,2539,2
192,2875,4
192,4012,4
192,7117,2
192,5763,5
192,3804,5
192,6943,5
193,5659,2
193,6515,4
193,1134,4
193,2586,5
193,178,5
193,5419,2
193,1332,5
193,4621,4
193,5499,4
193,1851,3
193,4875,2
193,2741,5
193,4716,4
193,2621,0
193,1423,1
194,5000,3
194,2934,1
194,2549,0
194,284,5
194,6667,2
194,9330,5
194,5154,5
194,8862,1
194,7958,5
194,6076,2
194,1711,4
194,6781,3
194,7488,2
194,2760,4
194,7434,1
194,6101,3
194,6585,2
194,2845,0
194,608,2
194,3009,1
194,7896,4
194,6992,3
194,6774,2
194,1420,5
194,1727,3
194,9698,3
194,8401,4
194,1471,2
195,8765,3
196,888,2
196,737,0
196,3399,2
196,3708,1
196,2688,3
196,3768,0
196,1870,0
196,7396,5
196,4123,4
196,7516,2
196,3093,3
196,3692,5
196,7973,2
196,1627,2
196,5820,3
196,5621,1
196,1628,1
196,8839,3
196,9387,1
196,2627,4
196,4583,0
196,7324,2
196,921,4
197,7359,0
197,3555,0
197,1275,1
197,7215,5
197,2778,5
197,9993,5
197,2901,5
197,935,2
197,7207,3
197,8676,5
197,822,3
197,1493,4
197,1649,2
197,555,1
197,3254,1
197,4663,0
197,5465,1
197,7440,3
197,7746,2
197,6719,5
197,3181,5
198,9908,2
198,4312,1
198,2635,4
198,9466,2
198,1729,3
198,4469,5
198,6032,1
198,2824,3
198,6620,4
198,8720,4
198,6551,3
198,2993,1
199,7277,5
199,7951,1
199,4084,2
199,1646,3
199,9875,5
199,6723,2
200,7487,1
200,2509,0
200,9929,5
200,7285,1
201,5217,5
201,602,1
201,5529,1
201,5490,1
201,1476,3
201,4437,3
202,2676,1
202,4803,0
202,3970,1
202,6900,5
202,831,1
202,4876,4
202,7906,3
202,4863,5
202,5822,0
202,6085,5
202,5243,2
202,7197,4
202,266,4
202,4942,5
202,8431,2
202,2852,3
202,5326,3
202,2224,4
202,8166,3
202,5472,4
202,9322,1
202,8044,3
202,2277,3
202,5609,5
202,8658,1
202,252,3
202,7955,2
203,2425,4
203,2767,3
203,8014,2
203,2685,5
203,7477,3
203,6763,1
204,4596,4
204,2277,5
204,1580,4
204,4842,3
204,1087,2
204,2392,0
204,2897,4
204,4557,5
204,563,4
204,3939,3
204,2436,4
205,6151,0
205,5206,5
205,8951,1
205,823,2
205,2589,3
205,1256,1
205,7279,0
205,6960,4
205,1170,4
205,2252,3
205,3921,1
205,4524,1
205,686,0
205,5875,2
205,5783,1
205,8503,0
205,3764,2
205,5131,2
205,5677,2
205,4781,2
205,9498,3
205,5911,5
205,8183,0
205,7619,2
205,1374,3
205,1270,5
205,1842,4
205,9401,5
205,3611,4
205,4959,3
205,5368,4
206,9297,2
206,5351,2
206,1362,5
206,1879,2
206,4240,0
206,1973,2
206,2842,1
206,67,4
206,3729,1
206,3926,1
206,5131,1
206,629,5
206,2166,3
206,5314,1
206,209,1
207,3710,2
207,8993,0
207,6733,1
207,4601,1
207,2529,0
207,5599,3
207,3417,4
207,5094,0
207,4,0
207,7917,2
207,3790,0
207,5125,2
207,7159,2
207,1837,5
207,5112,4
207,7979,2
207,5228,3
207,3862,4
207,8207,5
207,3746,3
207,2540,4
207,5895,5
207,140,0
207,8709,4
207,8799,5
207,769,2
207,8880,1
207,9697,3
208,7865,3
208,1940,1
208,1852,5
208,8387,5
208,2095,1
208,1312,3
208,690,5
208,3361,3
208,3665,5
208,8393,2
208,2815,2
209,173,3
209,3005,1
209,3783,3
210,1950,4
211,5862,1
211,713,2
211,949,0
211,3652,2
211,4374,2
211,2760,0
211,1152,4
211,5095,2
211,9232,4
211,6994,3
211,7716,3
211,3400,0
211,6891,4
211,6579,2
211,2981,1
211,7558,0
211,7183,2
211,1060,5
211,6890,4
211,2037,2
211,1501,0
211,133,2
211,8820,3
211,3760,5
211,1748,5
211,7991,0
211,6401,5
211,2739,5
211,1729,5
211,7103,0
211,7407,0
211,9271,5
211,5184,4
211,522,2
211,2470,5
211,3807,1
211,8636,4
211,8100,4
211,4015,2
211,1166,0
211,7405,4
211,7781,2
211,8797,5
212,4101,3
213,1495,1
213,384,2
213,5099,5
214,5138,5
214,2759,4
214,7376,2
214,4794,3
214,414,2
214,1158,0
214,6369,5
214,6550,4
214,2425,5
214,6107,4
214,7013,2
214,8485,2
214,829,3
215,1141,3
215,2411,1
215,1472,4
215,3420,3
215,2402,2
215,3300,4
215,4369,4
215,3953,5
215,5467,1
215,7121,4
215,9708,1
215,5317,4
215,2254,5
215,5358,4
215,6090,2
215,8391,2
215,9673,5
216,1304,4
216,1980,0
216,5102,4
216,90,3
216,37,1
216,3794,0
216,2012,1
216,7143,1
216,6149,2
216,3029,2
216,8977,5
216,8356,5
217,2962,0
217,9562,2
217,713,3
217,7293,1
217,4742,5
218,2764,0
218,5176,1
218,8410,0
218,1282,0
218,8902,0
218,3969,4
218,6183,1
218,6517,1
218,7219,2
218,9267,1
218,162,5
218,5798,5
218,5124,0
218,6222,3
218,9407,5
218,7411,4
218,4722,0
218,7222,0
218,1570,0
218,453,4
218,1228,5
218,5341,0
218,7352,4
218,5645,2
219,8506,5
220,5507,2
221,5447,0
221,9140,2
221,3132,0
221,4313,1
221,2073,2
221,5148,0
221,9853,4
221,5612,1
221,1644,5
221,6188,3
221,1533,0
221,8544,0
221,2996,3
221,1813,4
221,2453,5
221,6268,5
221,3671,4
221,3236,1
221,5241,2
221,4361,5
221,7361,2
221,5364,1
221,3466,1
221,5707,4
221,1110,0
221,5452,1
221,3277,5
221,6376,1
221,5820,0
221,51,4
221,5761,4
221,5013,4
221,9636,4
221,2017,2
221,5969,5
221,9148,0
221,9922,2
221,9398,0
221,5369,0
221,6394,4
221,8817,5
221,9217,3
221,1861,5
221,4919,1
221,6047,5
221,3901,5
221,3195,2
222,4627,5
223,9918,2
223,7862,1
223,710,0
223,2410,3
223,1895,0
223,3504,3
223,3567,4
223,5451,0
223,3533,2
223,7103,4
223,7734,2
223,797,3
223,3750,5
223,5077,3
223,4892,3
223,462,1
223,4309,4
223,8654,0
223,5571,2
223,7586,2
223,6798,0
223,8775,2
223,5158,2
223,1136,1
223,8096,4
223,4748,4
223,4720,3
223,1219,3
223,8284,3
223,751,1
223,748,2
223,9070,2
223,6470,4
223,8120,5
223,6335,0
223,26,1
223,6043,5
223,228,4
223,7296,2
224,3497,0
225,8168,1
225,6688,1
225,3727,4
225,32,2
225,9738,3
225,643,4
225,9128,5
225,2097,4
225,967,3
226,3848,0
226,1776,1
226,5825,0
226,2294,1
226,7544,0
227,561,4
228,1737,5
228,9132,1
228,2783,2
228,5724,0
228,296,2
228,8544,2
228,4474,5
228,6521,0
228,3577,1
228,4901,0
228,4911,3
228,1178,0
228,493,1
228,6630,5
228,9665,3
228,6122,4
228,6487,4
228,3492,4
228,3372,2
228,7987,0
228,5370,1
228,9795,0
228,2465,0
228,3928,4
228,6243,0
229,9210,0
229,8957,4
229,4959,2
229,7198,5
229,4638,5
229,2538,1
229,8897,1
229,6390,0
229,3389,0
229,3918,2
229,7836,3
229,1249,4
229,3746,3
229,7629,5
229,133,4
229,8130,1
229,8868,3
229,3039,4
229,7691,4
229,4082,5
229,5595,5
230,4255,0
230,2014,3
230,9843,4
230,4161,0
230,7002,4
230,7316,3
230,7125,4
230,6766,2
230,2015,2
230,5890,5
230,7612,3
230,3756,1
230,1365,4
230,6284,1
230,6743,1
230,5391,2
230,6565,5
230,4583,0
230,5861,0
230,691,1
230,2533,1
230,4197,1
230,3947,3
230,9150,5
230,769,4
230,8353,4
230,6799,5
230,423,2
230,5742,2
230,6215,2
230,5718,4
230,4415,4
230,2144,3
230,9708,5
230,4552,2
230,543,5
230,7820,3
230,5926,2
230,643,5
230,5170,2
230,537,0
230,7387,0
231,9941,5
231,396,0
231,6501,3
231,2045,1
232,8780,3
233,6974,0
233,7981,0
233,8220,1
233,7647,5
233,3955,5
233,7664,5
233,800,0
233,469,4
233,65,2
233,8900,4
233,1747,1
233,5888,5
233,2661,1
233,8943,5
234,5059,1
235,2319,4
235,1165,5
235,3280,4
235,9703,2
236,1782,4
236,704,3
236,2266,3
236,7984,4
236,6459,5
236,7690,2
236,7555,5
236,6623,2
236,8166,3
236,6506,1
236,6862,4
237,8330,2
237,1979,0
237,8694,5
237,1798,0
237,8245,0
237,6761,1
237,2801,4
237,6727,0
237,1601,2
237,7452,0
237,9529,5
237,3380,3
237,2509,0
237,5101,0
237,9869,0
237,4302,3
237,3792,3
237,7237,0
237,7430,5
237,5229,5
237,9073,2
237,3753,2
237,2162,4
237,7188,5
237,6383,2
237,574,4
237,1478,5
237,9616,2
237,403,2
237,9736,1
237,3484,4
237,4181,5
237,3875,4
237,3488,4
237,4811,5
237,1487,4
237,9022,0
237,6186,3
237,1007,5
237,9951,3
237,6784,4
237,6932,4
237,4691,5
237,442,2
237,7824,3
237,7095,1
237,4853,4
237,6365,0
237,3510,1
237,2030,4
238,3325,5
239,7617,3
239,1372,5
239,2187,3
239,5181,3
239,99,3
239,9096,2
239,3836,0
239,7936,0
239,7764,5
239,4529,0
239,1475,0
239,4938,3
239,4564,2
239,6919,1
239,6171,4
239,8243,2
239,8960,2
239,1912,3
239,9555,1
239,2171,5
239,6077,1
239,374,4
239,1073,1
239,7862,4
239,8414,4
239,8878,3
239,2340,1
239,985,3
239,5912,2
239,1591,1
239,3020,4
239,722,1
240,423,1
240,3680,3
240,7871,2
240,193,0
240,850,0
240,944,4
241,8431,3
241,1980,4
241,9312,3
241,4758,3
241,7244,3
242,7731,5
242,1917,2
242,6374,0
242,5031,0
242,7849,5
242,9586,4
242,3260,5
242,5399,4
242,4403,5
242,7954,2
242,6100,3
242,662,1
242,4705,2
242,1785,2
242,9026,2
242,3160,4
242,8590,0
242,9284,1
242,9437,2
242,1699,0
242,5748,2
242,7623,0
242,9150,5
242,3449,5
242,3826,5
242,7485,0
243,5974,3
243,6423,5
243,8666,1
243,3863,4
243,3418,2
243,6453,1
243,536,1
243,5542,0
243,4854,3
243,7933,2
243,8057,1
243,7542,3
244,4102,2
244,5761,3
244,3612,2
244,5688,4
244,5059,0
244,1646,1
244,7546,4
244,6810,2
245,9255,0
246,5738,2
246,6698,1
246,9189,3
246,1481,1
246,193,5
246,832,0
246,2652,0
246,4428,3
246,3374,5
246,2829,4
246,6221,5
246,6755,4
246,3642,2
246,2608,4
247,1932,0
247,2987,5
247,3371,1
247,9178,5
248,112,2
248,635,3
248,203,0
248,8317,5
248,3891,4
248,1714,4
248,1194,1
248,1125,5
248,6188,0
248,6476,2
248,4041,2
248,6565,2
248,5118,2
248,2895,2
248,9491,2
248,9601,0
248,5532,4
248,7353,4
248,1814,2
248,7429,5
248,9450,4
248,2909,5
249,3660,5
249,4531,1
249,5482,5
249,4687,5
249,9584,2
249,3345,2
249,4798,5
249,9493,2
249,3859,2
249,1786,3
249,5726,2
249,7738,3
249,4474,5
249,2622,1
249,2816,2
250,608,0
250,2438,1
250,7908,3
250,5317,4
250,2705,1
250,6671,1
250,7569,1
250,1700,3
250,670,2
250,482,5
250,1761,1
250,1857,1
250,541,3
250,8272,4
250,7382,1
250,2605,0
250,9440,3
250,3846,2
250,342,3
250,8069,5
250,5665,3
250,8217,4
250,1977,3
250,1274,2
250,1286,0
250,5400,4
250,6966,1
250,6597,0
250,9679,3
250,6412,3
250,2717,0
250,8580,5
250,9690,3
251,8483,1
252,9690,2
252,2320,3
252,4543,5
252,8991,3
252,3509,0
252,1594,3
252,4026,4
252,2952,3
252,4200,2
252,4696,1
252,2989,1
252,4601,0
252,4141,0
252,8653,3
252,947,2
252,2101,3
252,4771,0
252,7503,3
252,3213,5
252,2420,4
252,5028,2
252,5064,4
252,1442,3
252,9185,2
252,4544,2
252,1871,3
252,5028,2
252,1006,2
252,3464,4
252,86,1
252,586,4
252,9096,4
252,5248,3
253,8103,5
253,2808,4
253,1458,5
253,766,0
253,7452,4
253,508,2
253,3367,4
253,1741,4
253,8432,1
253,4389,0
253,6973,5
253,6125,1
253,849,0
253,7622,2
253,593,2
253,6099,0
253,8159,2
253,5190,2
253,9921,0
253,8500,2
253,9141,4
253,465,4
253,7647,0
253,3501,5
253,6772,0
253,9928,4
253,8300,3
253,2605,4
253,5442,4
253,1330,5
253,5188,3
254,7509,4
254,2756,4
254,7271,4
254,9988,1
254,6595,1
254,2471,2
254,6825,5
254,7221,3
254,5093,3
254,6371,5
254,2807,2
254,8912,4
254,6112,3
254,1508,5
254,7362,2
254,8391,0
254,131,4
254,1834,2
254,1716,1
254,7233,2
254,9491,2
254,2241,3
255,8953,0
255,1959,4
255,8404,2
255,1583,5
255,3305,5
255,1070,0
255,8861,4
256,1785,1
257,5980,2
257,511,5
258,3992,2
258,2992,1
258,5620,3
258,6004,2
258,6384,2
258,7571,4
258,9779,4
258,6460,3
258,564,4
258,3740,2
258,7048,0
258,4329,0
259,9052,1
259,2500,1
259,9033,5
259,9873,0
260,9301,5
260,3845,4
260,3905,1
260,1671,0
260,7655,2
260,3232,5
260,280,2
260,6444,3
260,1996,3
261,3532,3
261,8221,5
261,1305,0
261,6807,3
261,8642,5
261,9299,4
261,965,3
261,5254,2
261,5920,1
261,7079,3
262,4035,0
262,9180,2
262,2186,5
262,8334,0
262,3528,1
262,344,4
262,9328,4
262,9807,5
262,3615,1
262,2601,5
262,1789,5
262,5089,3
262,3416,1
262,8115,0
262,2093,1
262,6180,0
262,570,1
262,469,2
262,7897,3
262,4673,2
263,7858,1
263,3303,1
263,1559,4
263,3339,4
263,9845,2
263,4689,5
263,467,0
263,3125,5
263,7122,5
263,2237,2
263,6595,3
263,7100,3
263,9856,5
263,433,3
263,5655,4
264,9391,4
264,3123,1
264,9949,1
264,6357,5
264,2521,2
264,5452,4
264,3319,5
264,1351,1
264,7588,3
264,4102,2
265,7606,4
265,2094,4
265,4632,1
265,6358,0
265,8902,0
266,1708,1
266,8138,5
266,8221,3
266,3425,5
266,7914,2
266,3721,0
266,9163,1
266,5684,4
266,9774,0
266,5473,2
266,4418,1
266,5607,5
266,826,1
266,7633,2
266,8334,2
266,2947,1
267,9645,0
267,178,0
267,2713,0
267,3903,3
267,5486,0
267,8547,3
267,2648,3
267,1246,1
267,5958,4
267,4023,4
267,3018,5
267,9402,4
267,6910,4
267,3399,1
267,4291,1
267,2973,5
267,6538,1
267,1375,5
267,5797,0
267,5453,5
267,3984,4
267,7710,5
267,9519,2
267,3200,2
267,3654,5
267,4721,0
267,4489,5
267,2153,3
267,594,0
267,6254,5
267,4271,0
268,5366,5
269,9239,1
269,5257,0
269,5699,2
269,3880,1
269,630,5
270,1519,2
270,774,4
270,2415,5
270,3265,2
270,2999,5
270,1634,3
270,3656,1
270,1999,0
270,8408,2
270,248,3
270,6692,4
270,8939,1
270,2496,2
270,8161,5
270,2456,4
270,6913,5
270,9351,1
271,4188,2
271,105,3
271,7228,1
271,4334,1
271,1930,3
271,1512,4
271,3352,5
271,4203,3
271,8782,1
271,9723,2
271,1649,5
271,4074,5
271,1036,4
271,3468,1
272,3510,2
272,1327,5
272,5705,0
272,3340,0
272,1333,5
272,3146,3
272,6317,4
272,5845,2
272,8785,2
272,4665,1
272,837,0
272,9530,1
272,9897,5
272,2976,2
272,2101,3
272,9785,0
272,2492,2
272,8840,2
272,4524,1
272,3808,5
272,6414,4
272,7531,5
272,6687,4
272,7772,0
272,7434,2
272,4997,0
272,7391,1
272,7444,4
272,8145,2
272,6872,2
272,5157,0
272,3417,1
272,2832,1
272,5214,0
272,4321,5
272,9477,5
272,9220,1
272,2094,1
272,4309,2
272,90,1
272,44,3
272,1030,1
273,2119,5
273,3924,3
273,8822,1
273,4886,0
273,4917,2
273,4353,3
273,407,1
273,6044,3
273,8774,5
273,4471,0
273,2506,1
273,1467,0
273,1621,5
273,9248,3
273,352,1
273,9579,0
273,1224,0
273,729,0
273,381,4
273,6562,1
273,3370,0
273,442,4
273,4808,3
273,7382,0
273,1820,5
273,1743,4
273,4830,0
273,8665,5
273,1937,2
274,5830,1
274,1626,4
274,3292,5
274,9972,5
274,8525,4
274,2086,3
274,5760,1
274,9922,5
274,5573,0
274,8697,0
274,2916,3
274,1981,2
274,7659,0
274,9588,2
274,2903,4
274,1115,0
274,9730,5
274,5588,1
274,257,1
274,7886,4
274,386,4
274,3079,5
274,4263,1
274,9961,1
274,6596,1
274,2402,0
274,1617,2
275,7585,2
276,7804,5
276,8626,4
276,3083,2
276,472,0
276,1187,4
276,9299,4
276,3895,0
276,7267,1
276,8045,4
276,3409,1
276,9131,3
276,6644,4
276,9325,4
276,4854,3
276,9652,1
276,9129,0
276,6218,3
276,7334,1
276,7185,4
276,3998,0
276,9925,4
276,7179,0
276,3568,0
276,5688,4
276,1925,2
276,4346,1
276,7620,5
276,6872,3
276,6806,0
276,2675,4
276,7892,0
276,6961,3
276,2036,4
276,4621,0
276,249,0
276,7522,4
276,438,0
276,6389,1
276,6346,5
277,8098,3
277,2561,0
277,6235,0
277,9245,4
277,1136,2
277,3061,0
278,3206,2
278,7832,2
278,8943,4
278,4606,3
278,9695,3
278,69,4
278,4503,1
278,3277,0
278,4427,2
278,8111,3
278,227,2
278,1824,1
278,6910,5
279,9242,1
280,2288,0
280,538,0
280,6138,1
280,4083,4
280,5040,1
281,8549,3
281,4394,3
281,4175,5
281,518,1
281,4806,5
281,3711,0
281,822,5
281,8292,3
281,3822,0
281,9168,2
281,3711,4
281,4742,2
281,5557,3
281,2887,2
281,7016,4
281,9933,4
281,456,1
281,9281,2
281,7621,4
281,1523,5
281,4031,3
281,5653,3
281,5835,0
281,9517,5
281,5106,2
281,5628,3
281,4724,5
281,4751,5
281,6988,0
281,3544,2
281,293,5
281,9609,5
281,1627,0
281,9887,3
281,6372,5
281,3035,4
281,9660,0
282,9369,4
282,8437,2
282,3182,3
282,8496,1
282,8715,5
282,2486,3
282,6304,1
282,4274,4
282,5038,2
282,6738,4
282,8645,5
282,8693,4
282,5288,2
282,3463,2
282,4064,0
282,8480,4
282,2179,3
282,8426,3
282,8781,5
282,2302,0
282,6162,4
282,899,4
282,1880,5
282,1404,5
283,3463,4
283,9435,5
283,2971,0
283,4866,4
283,6045,3
284,6805,2
285,3448,3
286,5736,3
286,5401,1
286,404,2
286,8929,5
286,3505,3
286,6009,2
286,6215,3
286,2367,2
286,7685,0
286,4413,1
286,7112,5
286,4925,3
286,1451,4
286,1291,4
286,8369,5
286,5614,5
286,678,3
286,6435,4
286,8195,2
286,4714,0
286,5776,2
286,8478,5
286,7919,1
286,5850,4
286,9426,3
286,6537,4
286,5056,2
286,9939,4
286,8104,0
286,623,4
286,1030,0
286,6397,5
286,7008,0
286,414,3
286,1114,2
286,989,1
287,6486,4
287,9950,0
287,5054,3
288,7813,4
288,5865,2
288,4990,4
288,6592,2
288,6718,4
288,1679,3
288,5629,4
288,819,2
288,3095,0
288,1714,5
288,8968,1
288,7663,1
288,847,5
288,8035,3
288,8521,2
289,5470,3
289,6976,0
289,5793,0
289,9195,5
289,7676,1
289,525,5
289,1334,0
289,2508,3
289,8274,5
289,8900,4
289,5632,3
289,5128,4
289,9313,2
289,1958,0
289,1536,0
289,3887,1
289,3015,5
289,2202,0
289,396,5
289,9171,3
289,3377,5
289,4706,2
289,9836,4
289,376,2
289,5832,3
289,2883,1
289,2359,5
289,3014,2
289,6872,2
289,3063,3
289,3106,1
289,7532,4
289,8751,3
289,7258,3
289,1357,0
289,9852,3
289,3652,3
289,3170,4
289,1595,3
289,1927,4
289,4575,4
289,322,1
289,1569,1
289,9520,2
290,2228,3
290,5736,5
290,7532,5
290,5281,5
290,6738,3
291,1860,3
291,6973,5
291,4544,1
291,8957,0
291,1028,5
291,4593,5
291,7533,0
291,2847,0
291,3668,5
291,1459,3
291,1592,1
291,4806,0
291,1077,4
291,3457,4
291,7154,0
291,1650,3
291,9759,0
291,8629,2
291,5308,2
291,8114,4
291,4628,5
291,8827,4
291,9360,5
291,6851,0
291,4815,2
291,610,1
291,5316,0
291,1955,0
291,8881,2
291,6494,4
291,2490,1
291,9525,3
291,3169,2
291,654,1
291,6053,3
291,1694,5
291,6359,1
291,6064,5
291,7269,5
291,9614,4
291,5471,0
291,3687,5
292,3840,3
292,5710,3
292,9015,5
292,939,5
292,1510,1
292,7085,3
292,1430,5
292,4863,0
293,3538,5
293,2731,4
293,2968,0
293,3814,5
293,4374,1
293,4737,1
293,9306,1
293,9574,5
293,9223,3
293,8138,2
293,6839,4
293,116,4
293,8912,2
293,6105,1
294,1725,0
294,9345,2
294,1937,4
294,4084,2
294,2532,1
294,7679,2
294,4481,2
294,146,3
294,9578,3
294,1359,1
294,8441,3
294,5142,1
295,9317,5
295,1304,5
295,4544,0
295,9707,4
295,2465,2
296,5605,3
296,6809,4
296,2158,3
296,9735,0
296,5994,3
296,2410,5
296,9477,5
296,27,5
296,5459,0
296,6198,1
296,8423,0
296,6898,0
296,4069,4
297,9397,5
298,5254,4
298,3544,1
298,2353,2
298,3897,3
299,4099,1
299,2034,4
299,2933,0
299,9832,3
299,4926,1
299,2415,1
299,3340,3
299,5459,4
299,1219,5
299,6977,5
299,5617,0
299,9243,2
299,3377,3
300,4983,3
300,8864,4
300,9630,4
300,4285,2
300,1073,0
300,9578,4
300,2636,3
300,25,1
300,4012,2
300,7981,2
300,6817,5
300,2725,2
300,6316,3
300,7523,3
300,4001,5
300,2163,1
300,4316,1
300,5451,0
300,3058,4
300,7221,4
301,9478,2
301,9595,4
302,5333,4
303,8389,0
303,7999,4
303,1173,0
303,2661,0
303,8357,0
304,7609,3
305,8049,0
305,5876,4
305,4097,4
306,7316,0
306,9061,0
306,3661,2
306,761,1
306,2254,1
306,1429,1
307,9542,4
307,1707,5
307,5954,3
307,8490,2
308,4312,4
308,7805,1
308,3203,1
308,3780,2
308,6606,1
308,2750,5
308,1720,4
308,9938,3
308,2025,2
309,9428,5
309,2529,5
309,2201,2
309,185,4
309,3788,1
309,6001,4
309,928,3
309,6688,5
309,2157,1
309,5523,0
309,1474,5
309,6334,1
310,126,0
311,8066,0
312,5421,1
312,9278,4
312,9279,3
313,5594,5
313,7949,0
313,2232,2
313,759,0
313,2082,3
313,7916,5
313,4149,2
313,5568,2
313,8521,0
313,3188,3
313,1281,5
313,4989,5
313,3680,5
313,7312,3
313,3643,1
313,2177,3
313,178,0
313,6612,3
313,3878,0
313,1485,2
313,8538,4
313,9238,1
313,1454,5
313,3637,2
313,7353,4
313,9266,4
313,4347,2
313,1629,5
313,2232,5
313,1328,0
313,2275,5
313,1638,4
313,1976,1
313,7016,1
313,8992,0
313,4272,1
313,1142,1
313,9025,5
313,5972,2
313,6749,5
313,4733,2
313,8390,4
313,8620,0
313,6467,5
314,8768,4
314,2920,4
314,482,3
314,9814,0
314,5952,3
314,5966,3
314,468,3
314,5335,4
314,3336,4
314,7739,3
314,281,5
314,1664,4
314,8903,1
314,8977,0
314,8430,3
314,7333,1
314,4328,1
314,1843,4
314,7944,5
314,2040,4
314,366,3
314,9771,4
314,8485,0
314,5919,0
314,8667,3
314,263,4
314,512,1
314,2862,1
314,7164,0
314,3015,5
314,1784,3
314,3206,0
314,5173,0
314,1793,3
314,5993,5
314,4437,3
314,1334,5
314,3502,5
314,6166,1
314,4586,5
314,1737,4
314,8216,5
314,1018,4
314,2691,5
315,8505,2
315,4179,4
315,1284,5
315,739,3
315,7271,4
315,5833,5
315,2962,1
315,1493,0
315,8899,3
315,8200,1
316,904,4
316,3020,5
316,5991,0
316,3450,2
316,9390,1
316,1435,2
316,3539,4
316,7103,3
316,483,3
316,995,3
316,8517,3
316,3512,4
316,8897,1
316,8363,4
317,9544,5
317,4211,0
317,3917,2
317,3905,2
317,1530,0
317,5295,2
317,2494,1
317,2021,1
317,4261,4
317,1631,2
317,6713,2
317,1497,3
317,8272,0
317,5484,4
317,4276,0
317,2720,4
317,3131,0
317,8991,5
317,4509,1
317,6788,1
317,341,4
317,9629,4
317,6661,1
317,5715,0
317,6782,3
317,8058,3
317,7830,5
317,2654,4
317,3298,2
317,469,2
318,8879,1
319,9434,1
319,8707,2
319,8141,4
319,8181,1
319,8908,4
319,758,4
319,7121,2
319,191,3
319,7271,5
319,4352,2
319,3739,4
319,6293,4
319,3254,0
319,3744,5
319,7706,1
319,5122,3
319,5639,2
319,4065,5
319,7332,1
319,1685,5
319,5871,1
319,8955,4
319,5684,3
319,3138,1
320,6000,5
320,3879,2
320,1390,3
320,7099,1
320,7084,4
321,2166,3
321,1860,1
321,1796,1
321,3878,2
321,1421,2
321,9277,4
321,574,4
321,4630,0
321,8346,5
321,1272,5
321,3945,4
321,9078,3
321,8509,2
321,7567,1
321,7775,2
321,2895,3
321,4993,5
321,3612,1
321,3755,1
321,6659,4
321,639,4
321,1878,5
321,5319,3
321,3695,5
321,8271,4
321,2794,2
321,1189,3
321,8960,0
321,7568,4
321,3447,2
321,4404,2
321,4023,2
321,6743,0
321,3188,2
321,592,1
321,4562,3
322,940,1
323,4483,1
323,1324,0
323,8385,4
323,6369,1
323,5548,2
323,3559,0
323,9619,3
323,7108,0
323,6424,1
323,6544,5
323,3545,5
323,9107,4
323,4731,0
323,1753,3
323,9584,3
323,3546,4
323,8887,1
323,1529,3
323,3473,5
323,844,0
323,5459,0
323,8997,0
324,1088,2
324,3225,5
324,7848,1
324,8432,0
324,8400,5
324,7485,1
324,465,3
324,1169,1
324,6519,2
325,6706,5
325,1205,4
325,5965,0
325,488,0
325,3636,3
325,4612,2
325,1733,4
325,391,5
325,9150,3
325,5664,1
325,9131,0
325,6278,5
325,9804,1
325,8438,5
325,1268,4
325,5036,3
325,9450,5
325,7302,5
325,4347,3
325,8021,4
325,7007,4
325,3759,5
325,9152,5
325,9002,2
325,7824,5
325,4961,0
325,9491,0
325,2156,1
326,6161,5
327,3252,1
328,2821,0
329,6063,0
329,6751,5
329,248,5
329,3306,5
329,2536,5
329,6446,2
329,154,5
329,6303,0
329,2502,0
329,3957,3
329,1913,0
329,4782,0
329,1662,0
329,842,3
329,7031,4
329,162,2
329,5078,3
329,5063,4
330,7172,0
331,8362,3
331,1852,2
331,3101,5
331,48,0
331,1337,3
331,1040,5
332,5158,4
332,9803,3
332,3511,2
332,4661,1
332,2233,1
333,2590,2
333,8937,2
333,2741,1
333,1799,1
333,402,3
333,8650,4
333,4652,2
333,1252,4
333,838,5
333,4681,5
333,1885,1
333,7674,0
333,1765,0
333,7850,4
333,4242,3
333,3948,0
333,4612,3
333,2413,0
333,7239,3
333,286,4
333,4414,0
333,7392,0
333,2268,4
333,2991,5
333,6698,5
333,4529,3
333,1546,1
334,6471,0
334,8088,3
334,5365,3
334,450,2
334,5208,1
334,3540,2
334,6153,4
334,6449,3
334,5072,2
334,8081,4
335,9467,4
335,7629,0
335,5105,3
335,8395,5
335,5907,1
335,8065,4
336,8818,0
336,1814,2
336,2707,5
336,6928,0
336,8377,1
336,6541,3
336,5577,0
336,2038,5
336,9934,1
336,2921,4
336,1109,4
336,7863,1
336,3020,4
336,3107,3
336,9709,0
336,2430,4
336,7761,2
336,3731,1
336,1891,3
336,8012,5
336,7574,3
336,4080,3
336,2304,0
336,5213,0
337,2607,3
337,6655,5
337,7506,0
337,1226,5
337,4073,5
337,9798,1
337,9732,3
337,7179,1
338,34,4
338,9884,2
338,2297,0
338,4040,1
338,3222,2
338,5688,4
338,8484,0
338,6539,0
338,6693,3
338,7011,4
338,955,2
338,7524,5
338,4115,4
338,5784,2
339,6924,4
339,8149,0
339,604,4
339,8561,0
339,5891,3
339,8245,4
339,4378,5
339,575,2
339,3907,2
339,5946,4
339,6823,2
339,7146,2
339,1188,3
339,7370,3
339,2241,1
339,7672,4
339,8954,3
339,5727,0
339,3075,2
339,5140,5
339,3654,2
339,4455,4
340,5882,5
340,3362,2
340,2095,3
340,6505,2
340,5826,4
340,3021,3
340,280,2
340,9220,4
340,6362,4
340,2028,0
340,4976,2
340,9043,1
340,2156,0
340,8403,5
340,7769,2
340,6736,2
340,1555,1
340,4182,0
340,4970,2
340,4451,5
340,6062,1
340,133,3
340,7408,5
341,865,5
342,7505,0
342,3991,1
342,4582,5
342,1380,0
342,5318,4
342,1925,2
342,7665,3
342,7359,2
342,1951,2
342,2857,4
342,3278,2
342,6852,3
342,6995,2
342,294,4
343,1513,3
343,2564,3
343,197,3
343,7485,4
343,5183,5
343,9641,4
343,2141,1
344,2036,2
344,2276,1
344,5514,4
344,9992,3
344,3534,0
344,7129,1
344,9885,1
344,4064,1
344,36,2
344,822,3
344,9023,1
344,7810,1
344,6986,5
344,3084,1
344,8244,3
344,8728,4
344,1528,1
345,850,1
346,4275,2
347,6359,3
347,3866,3
347,3301,4
347,1636,0
347,9620,4
348,1507,5
348,7894,4
348,7688,2
348,3935,0
348,368,3
348,1587,4
348,8789,4
348,5538,1
348,7147,5
348,1842,4
348,5730,1
349,4416,4
349,4428,1
349,4525,2
350,2799,0
350,6970,5
350,5213,2
350,8634,3
350,670,4
350,1351,2
350,7874,2
350,4550,4
350,5591,2
350,8134,2
350,433,3
350,2986,5
350,8858,5
350,8561,2
350,5854,1
350,8367,5
350,8217,2
350,8793,5
350,7300,3
350,184,5
350,6107,4
350,9799,2
350,9536,5
350,2705,4
350,1239,1
350,3654,4
350,6812,5
350,2566,2
350,4875,2
351,6716,3
351,898,5
351,7898,1
351,4043,1
351,3271,0
351,2303,4
351,3866,4
351,3590,3
351,7718,3
351,4320,0
351,4850,0
351,8998,2
351,7405,5
351,905,5
351,1092,4
352,4535,4
352,5703,0
352,6650,3
352,3122,5
352,6595,0
352,1509,0
352,6489,2
352,9544,4
352,6417,4
352,9578,4
352,7454,0
352,5377,4
353,3642,3
353,4593,4
353,6337,1
353,4166,1
353,2062,1
354,2373,4
354,9589,0
354,5297,0
354,9464,3
355,126,1
355,2829,2
355,7019,0
355,4917,4
355,7898,0
355,3917,0
355,8330,1
355,6772,4
355,948,0
355,1031,0
355,2663,5
355,5329,0
355,9686,4
355,5224,1
355,7684,5
355,3130,5
355,4149,1
355,2865,3
355,3392,5
355,6913,0
355,371,5
355,4195,3
355,229,4
355,2155,1
355,9424,0
355,7700,2
355,5195,5
355,9510,1
355,47,5
355,3035,2
356,6176,5
356,5042,5
356,3664,3
356,8336,4
356,5354,3
356,3654,1
356,8634,0
356,8040,2
356,7083,1
356,594,2
356,4585,4
356,2418,0
356,8977,3
356,8021,5
356,8170,4
356,804,1
356,8213,1
356,226,3
356,5671,1
356,4912,4
357,884,2
357,5989,4
357,9087,4
357,9784,4
357,1844,3
357,5836,2
357,6230,3
357,5357,2
357,3201,1
357,9605,5
357,6679,2
357,7870,5
357,7155,3
357,6042,1
358,6725,1
358,9330,5
358,1984,2
358,2383,2
358,7435,5
358,2355,0
358,2112,5
358,1687,2
358,3141,1
358,9025,4
358,237,3
358,8240,0
359,6005,5
360,4902,5
361,2960,5
361,2446,4
362,3854,4
362,2510,5
362,9146,3
362,488,4
362,7155,0
362,6721,1
362,824,3
362,5759,5
362,6141,3
362,4923,3
362,9945,2
362,5095,4
362,8960,4
362,4194,5
362,627,2
362,6219,3
362,8997,4
362,7701,0
362,7988,5
362,8338,0
362,5859,2
362,786,5
362,9019,1
362,6408,5
362,7279,2
363,7583,3
364,7924,2
364,8402,4
365,388,5
365,5548,2
365,1636,2
365,1770,5
365,9749,1
365,5192,5
365,9207,3
365,1790,4
365,9802,4
365,1621,1
365,1884,5
365,336,0
365,9632,1
365,6691,3
365,8095,3
365,1348,1
365,8139,3
365,3879,3
365,7271,5
365,6376,0
365,3079,0
365,7323,4
365,4792,0
365,9352,4
365,1609,5
365,7989,0
365,499,5
365,7162,0
365,6577,3
365,5373,4
365,1473,3
365,2228,3
365,9079,0
365,9802,5
365,2478,0
365,7776,3
365,4693,4
365,1237,3
365,6345,2
365,9956,3
365,157,0
365,1605,0
365,4533,4
365,1827,3
365,3196,1
365,3906,4
365,7638,5
366,1713,3
366,3526,5
366,1801,2
366,6670,3
366,1070,0
366,8367,3
366,707,1
366,113,5
366,1633,4
366,3474,5
366,779,3
366,3586,1
367,6436,5
367,927,1
367,6990,0
367,6566,1
367,4094,1
367,4547,1
367,6992,3
367,9145,0
367,6704,5
367,5553,5
367,4906,0
367,1915,5
367,4420,0
367,7464,4
367,2643,5
367,8707,5
367,1041,1
367,3951,4
367,7715,5
367,4235,2
367,6537,4
367,6783,0
368,5442,4
368,8654,3
368,73,0
368,1042,4
368,2460,2
368,5140,2
368,3382,4
369,8033,4
369,9749,0
369,7344,5
369,1947,4
369,5146,3
369,3404,4
369,6348,2
369,5585,3
369,524,0
369,8732,1
369,6743,0
369,3920,2
369,5074,5
369,3335,3
369,1149,0
369,2914,4
369,9549,3
369,1961,5
369,6625,3
369,1153,1
369,3823,0
369,7262,2
369,7089,2
369,3087,2
369,5577,2
369,868,1
369,448,3
369,5963,0
369,241,4
369,4294,0
369,520,1
369,3563,3
369,3072,5
369,4681,3
369,3445,3
369,5222,5
369,2537,5
369,8672,5
369,6931,4
370,3754,4
370,6228,0
370,4985,2
370,4000,4
370,8825,4
370,6607,2
370,6507,0
370,6017,0
370,6273,5
370,8300,0
370,7682,5
370,3863,4
370,9252,5
370,6772,2
370,791,1
370,9215,4
370,9083,2
370,4288,1
370,1039,3
370,5244,0
370,4322,5
370,7060,5
370,2197,0
370,9432,3
370,3269,4
370,5323,2
370,8528,3
370,2072,0
370,5144,4
370,8949,5
370,6215,1
370,352,4
370,7880,4
370,9645,2
370,8255,3
370,6095,3
370,5516,5
370,6961,1
370,1206,2
370,9843,3
370,259,4
370,7612,0
370,8604,4
370,8265,3
370,3476,0
370,1995,3
370,7948,4
371,8689,3
371,5842,2
371,7282,0
371,2695,3
371,4411,0
371,3933,0
371,2797,0
371,5116,4
371,1829,4
371,338,1
371,3031,3
371,6979,4
371,5947,5
371,2451,3
372,9321,1
372,8976,3
372,6388,5
372,7269,5
372,3487,4
372,8713,3
372,3781,5
372,8497,2
372,8348,0
372,3069,4
372,4487,3
372,878,4
372,8682,5
372,1688,4
372,5721,3
372,7371,1
372,6694,1
372,5309,4
372,3942,4
372,3289,0
372,395,1
372,1124,1
372,4147,1
372,4785,4
372,5426,0
372,6727,0
372,1311,4
372,832,5
372,7711,3
372,930,2
372,1084,1
372,5270,0
372,9203,0
372,5920,1
372,7670,1
372,1805,4
372,4143,3
372,7210,4
372,5069,1
372,6320,3
372,621,5
372,5957,0
372,379,5
372,4022,1
372,7086,0
372,6080,3
372,1377,3
372,6105,3
372,8034,3
372,5201,2
373,9721,5
374,1078,1
374,625,2
374,5340,5
374,8024,5
375,9806,1
375,3924,2
375,7684,0
375,531,2
376,4668,2
376,4647,2
376,370,5
376,8435,0
376,9739,5
376,4721,2
376,8236,2
376,4113,0
376,4263,5
376,1287,0
376,4193,0
376,7915,2
376,2341,0
376,3428,3
376,5020,1
376,6435,3
376,5976,1
376,9471,1
376,9558,0
376,5310,5
376,9703,4
376,6469,0
377,9880,0
377,2420,5
377,7166,2
377,2027,4
377,6759,1
377,3572,3
377,7515,0
377,5672,4
377,3876,3
377,4759,5
377,7697,1
377,4802,3
377,9316,1
378,6742,3
378,1931,0
378,3873,4
378,7832,1
378,3904,5
378,2945,4
378,1314,2
378,4892,5
378,8441,3
378,4965,4
378,995,2
378,2703,1
378,242,2
378,7724,5
378,8295,3
378,2387,3
378,5075,4
378,1511,1
378,9789,3
379,8928,1
379,893,3
379,650,2
379,6910,5
379,7220,5
379,5312,2
379,4759,3
379,9301,5
379,5064,2
379,2359,0
379,4348,2
379,3249,1
379,2219,5
380,8669,3
380,7479,0
380,8800,3
380,3703,0
380,6879,1
380,340,5
380,2059,0
380,8074,0
380,5794,5
380,6932,0
380,9055,2
381,2795,4
381,6797,3
381,1056,4
381,1340,4
381,1923,4
382,3603,1
382,6967,0
382,89,2
382,6277,5
383,4048,4
383,8524,3
383,1991,1
383,8764,3
383,1715,2
383,2304,1
383,3645,4
383,8713,5
383,6753,0
383,3300,0
383,9172,3
383,9881,3
383,4405,4
383,5160,3
383,2801,2
383,9715,3
383,2804,4
383,9185,5
383,9582,5
383,185,0
383,8772,0
383,8079,5
383,18,5
383,1362,1
383,729,2
383,9723,3
383,3935,0
383,4851,0
383,8606,5
383,5024,5
383,2994,5
383,1747,0
383,504,4
383,7429,5
383,4902,2
383,6289,5
383,4177,1
383,1886,3
383,2862,4
383,3551,2
383,4858,2
383,7353,0
383,4684,1
383,594,4
383,7419,3
383,5229,4
384,4302,4
384,6861,5
384,6602,5
384,7043,0
384,8935,5
384,2391,4
384,2229,4
384,1836,1
385,9677,5
385,1689,2
385,6312,4
385,5860,1
385,2942,3
386,7440,4
386,5022,0
386,1751,3
386,2993,1
386,4753,0
386,8190,1
386,1085,5
386,7957,1
386,5334,4
387,7592,5
388,7345,4
388,9288,3
388,9121,4
388,6827,0
389,9099,1
389,4186,1
389,9415,2
389,5957,0
389,5396,4
389,1239,3
389,9476,1
389,2703,2
389,2162,2
389,525,5
389,3485,1
389,4762,2
389,1902,4
389,3261,3
389,9676,5
389,812,4
389,4128,0
389,7173,2
389,6332,3
389,1343,3
389,7288,2
389,1010,4
389,7370,5
389,5108,5
389,8331,2
389,1223,5
389,6254,5
389,9754,2
389,9505,1
389,6015,2
389,6970,0
389,253,5
389,4784,4
389,9687,4
389,8536,3
389,7572,5
389,2690,0
389,924,5
389,7779,4
389,8200,1
389,5496,0
389,4839,2
389,4917,4
389,6865,3
389,6933,5
389,3647,2
389,5649,0
389,3488,5
389,1159,1
390,8451,4
390,6188,1
390,5609,2
390,9210,2
390,1589,0
390,445,2
390,9646,1
390,8227,4
390,6678,3
390,1760,4
390,3396,5
390,195,0
390,4155,2
390,8996,0
390,7712,1
390,9391,5
390,1861,5
390,3343,5
390,4055,3
390,3694,5
390,4809,1
390,1833,4
390,3229,1
390,9250,3
390,8523,3
390,808,5
390,3749,3
390,193,4
390,6110,5
390,8784,5
390,1831,2
390,2223,5
390,6202,2
390,4650,3
390,1406,1
390,2926,1
390,8948,2
390,9153,4
390,2717,0
390,4876,3
390,3350,3
390,9291,1
390,8237,0
390,5900,3
390,1150,2
390,6527,0
391,110,4
391,9716,5
391,538,5
391,5763,1
391,6465,4
391,4986,1
391,9147,1
391,8785,2
391,6168,1
391,9670,1
391,9370,1
391,9202,5
391,7649,0
391,4265,3
391,169,2
391,2276,3
391,1153,1
391,2102,2
391,4017,0
391,7081,3
391,265,1
391,1424,4
391,8735,1
391,9935,0
391,5509,3
391,9018,0
391,6114,1
391,2588,2
391,6651,2
391,3944,3
391,4237,4
391,8824,5
391,8726,4
391,2969,2
391,1183,3
391,7919,2
391,9499,2
391,4498,5
391,6224,1
391,6799,4
391,2889,5
391,8026,0
391,274,5
391,5895,3
391,9292,3
391,3832,1
391,3278,4
391,9223,4
391,6028,0
391,6677,5
392,603,3
392,109,3
392,6271,5
392,7797,0
392,9380,5
392,2361,1
392,913,2
392,2879,3
392,953,2
392,4706,1
392,1391,1
392,275,2
392,4305,4
392,1993,2
392,2209,4
392,3838,0
392,2991,0
392,7969,4
392,732,1
392,8443,3
392,3920,5
392,9851,1
392,1854,3
392,1127,2
392,2380,2
392,6219,2
392,4007,3
392,8873,2
393,1677,4
393,2046,0
393,5751,0
393,9365,2
393,9519,4
393,6639,2
393,5561,2
393,91,5
393,118,0
393,7578,0
393,803,2
393,1774,0
393,272,2
393,6262,4
393,6218,4
393,8156,1
393,299,3
393,101,1
393,8936,0
393,5223,5
393,3266,0
393,1026,0
393,2701,0
393,5576,0
393,3424,5
393,5566,2
393,5418,5
393,8236,4
393,2915,2
393,7681,5
393,4962,2
393,9376,4
393,9304,0
393,533,4
393,9372,0
393,1389,3
394,3266,2
394,3575,1
394,1423,3
394,5422,2
394,3450,0
394,8202,2
394,811,0
394,2420,5
394,6036,3
394,8236,0
394,3373,2
394,9249,3
394,1232,5
394,5801,1
394,6458,2
394,6043,5
394,4949,3
394,230,3
394,4006,0
394,4261,2
394,8973,3
394,2129,0
394,2444,4
394,225,2
394,9384,4
394,2108,4
394,1072,2
394,2219,2
394,5821,5
394,6581,0
394,3738,3
394,5763,5
394,1734,2
394,1448,5
394,1856,4
394,1491,3
394,5558,1
394,8345,5
394,494,4
394,6707,4
394,7184,2
394,7422,4
394,5319,0
394,9608,2
395,2115,3
395,837,1
395,7362,0
395,81,2
395,5852,0
395,2635,4
395,497,1
395,5483,4
395,1284,3
395,5154,4
395,3859,5
395,748,2
395,3429,4
395,7714,0
395,1596,4
395,8675,5
395,6632,4
395,4684,3
395,9801,2
395,2908,2
395,73,4
395,4425,5
395,8465,2
395,3307,5
395,4446,1
395,4212,2
395,1940,5
395,5385,0
395,8216,1
395,4248,4
395,4772,5
395,5044,0
395,9573,0
395,6196,1
395,2757,1
395,5443,3
395,9590,0
395,7164,1
396,1850,5
396,3620,2
396,763,1
396,5001,1
396,8084,3
396,9778,4
396,8110,0
396,5057,3
396,576,4
396,8061,2
396,1834,4
396,768,4
396,9656,1
396,6040,3
396,7431,5
396,8631,3
396,9016,2
396,3145,1
396,9529,3
396,1378,1
396,8150,0
396,2514,3
396,9941,2
396,6471,2
396,19,0
396,7439,0
396,9893,0
396,820,3
396,589,4
396,5975,4
396,4943,1
396,4830,4
396,7403,0
396,6974,3
396,6651,5
396,5552,1
396,8004,1
396,9409,0
396,8537,4
396,3715,4
396,7679,5
396,8429,1
396,3361,2
396,1511,3
396,4074,5
397,645,3
397,2652,4
397,9972,5
397,7498,2
398,5299,3
398,2195,5
398,2493,3
398,6277,0
398,7230,3
399,7215,3
399,8384,2
399,8423,1
399,9411,1
399,8092,4
399,4072,0
399,2697,3
399,6457,1
399,460,5
399,3125,1
399,1150,0
399,5279,2
399,9924,5
399,9280,0
399,9030,5
399,1395,1
399,305,1
399,1327,5
399,9437,0
400,6069,1
400,4503,1
400,5975,2
401,2433,2
401,7197,1
401,1197,0
401,9258,3
401,8641,1
401,9694,1
401,334,3
401,1683,1
401,2124,4
401,6952,2
401,631,4
401,4913,2
402,5503,5
402,3988,0
402,5549,3
402,6964,2
402,145,3
402,5810,5
402,8785,2
402,6628,4
402,2244,3
402,2235,1
402,2906,1
402,6313,4
402,9228,0
402,9496,0
402,2846,4
402,8545,5
402,4454,4
402,9768,4
402,8522,2
402,7022,5
402,5240,5
402,4066,1
402,8718,3
402,5385,0
402,3419,1
402,4638,2
402,8902,2
403,4424,1
404,6355,1
404,3407,1
404,1609,4
404,7277,0
404,1448,4
404,9541,0
404,6593,1
404,5913,3
404,5749,4
404,5875,4
404,2138,5
404,2198,3
404,7866,2
404,5883,5
404,1261,2
404,5114,2
404,1740,5
404,34,4
404,6327,3
404,3097,5
404,8145,2
404,7064,4
404,6916,2
404,1380,4
404,4092,0
404,9751,2
404,5945,1
405,985,1
406,7031,5
406,4030,3
406,9984,4
406,1358,0
406,3713,0
406,4414,1
406,9567,2
406,1799,2
406,3983,2
406,794,5
406,1269,4
406,5988,5
406,3971,3
406,4301,3
406,8275,2
407,5927,5
407,3787,2
407,601,5
407,3131,4
407,4075,0
407,1094,4
407,7901,0
407,6586,2
407,9390,5
407,3854,3
407,9344,4
407,7918,0
407,7396,2
407,5603,5
407,7472,3
407,5777,1
407,4541,2
407,6372,3
408,9213,5
408,1405,3
408,6734,5
408,678,5
408,8666,3
408,7504,5
408,6350,5
408,6487,1
408,7972,5
408,4510,0
408,4785,3
408,8684,5
408,476,0
408,3953,0
408,9300,4
408,1842,1
408,1329,5
408,3422,3
408,3870,5
408,3430,4
408,3593,3
408,2474,2
408,6017,0
408,8984,0
408,4443,4
408,4816,4
408,8357,0
408,9493,4
408,2782,0
408,7560,4
408,4094,4
408,812,3
408,2931,2
408,7013,4
408,9371,3
408,804,5
409,9782,1
409,5827,3
409,6224,3
409,4326,0
409,9484,5
409,1443,1
409,1916,3
409,482,5
409,6427,5
409,8524,1
409,7760,5
409,8963,4
409,8653,3
409,9450,0
409,3906,3
409,8865,3
409,8880,1
409,6432,5
409,3389,3
409,6220,1
409,3295,1
409,7441,4
409,8507,4
409,6541,0
409,3905,0
409,9066,3
410,9025,3
411,8798,4
412,303,2
412,8701,2
413,5904,5
413,4543,5
413,7167,0
413,1660,0
413,841,5
413,7149,5
414,9447,5
414,284,3
414,9199,4
414,5494,5
414,8569,1
414,256,2
414,2930,5
414,7457,5
414,5893,4
415,3475,0
415,775,1
415,9685,3
415,6776,1
415,1417,4
415,9982,5
415,9023,2
415,1959,4
415,6346,1
415,6355,2
416,5214,3
417,1157,3
417,9054,1
417,2390,2
417,3710,3
417,8823,2
417,6955,2
417,6728,5
417,2421,4
417,513,3
417,8779,1
417,6369,3
417,7553,4
417,2747,4
417,602,1
417,181,2
417,701,0
417,221,3
417,9806,2
417,9952,3
417,6002,4
417,7565,5
417,8459,0
417,1937,5
417,3747,2
417,7867,4
417,6074,1
417,9758,2
417,4414,1
417,8180,1
417,6742,1
417,8458,3
417,7508,2
417,6715,1
417,9508,3
417,3194,1
417,8109,2
417,2118,4
417,8705,4
417,3231,4
418,1527,1
418,5444,3
418,1788,0
418,761,5
418,8830,3
418,6767,2
418,3077,5
418,2737,1
418,8633,4
418,5979,2
418,9999,1
418,9094,5
418,9188,5
418,7573,2
418,3542,3
418,3279,1
418,4850,1
418,5536,5
418,1221,2
418,7091,2
418,3414,0
418,1204,1
418,7839,3
418,6659,2
418,658,4
418,9337,3
418,181,4
418,1788,3
418,6425,0
418,5790,4
418,9541,0
418,8878,1
418,8958,4
418,9659,3
418,1478,5
418,8246,5
418,6735,0
418,2097,0
418,9613,1
419,8638,2
419,1316,5
419,1759,1
419,712,1
419,6669,4
419,5482,0
419,1067,0
419,2490,0
419,6397,0
419,1144,1
419,9838,1
419,3865,4
420,9900,2
420,9880,5
420,4295,2
420,9907,5
420,3062,4
420,1539,2
420,2773,1
420,8272,5
420,8127,1
420,2777,4
420,2688,2
420,9897,5
420,6591,1
420,1576,0
420,9261,0
420,6966,4
420,6118,5
420,9574,0
420,9098,4
420,7361,5
420,8657,1
420,3281,3
420,1303,2
420,999,3
420,8703,4
420,1089,0
420,2836,1
420,4131,2
420,8833,1
420,991,2
420,1065,1
420,1677,4
420,977,2
420,3131,3
420,2031,1
420,2399,2
420,3285,4
420,6031,5
420,2215,2
421,4775,2
421,621,0
421,9491,2
421,8993,2
421,34,5
421,7658,1
421,217,4
421,3097,0
421,5782,4
421,571,0
421,2945,2
421,9316,1
421,491,5
421,1069,5
421,2470,0
421,1473,1
421,2908,5
422,1806,2
422,5856,2
422,8751,5
422,2269,0
422,8415,4
422,729,1
422,1160,5
422,2080,1
422,2549,1
422,4341,5
422,457,1
422,3144,0
422,8989,5
423,7427,0
423,302,0
423,8802,0
423,7061,0
423,3442,5
423,1850,3
423,1974,2
423,7037,1
423,1685,5
423,1812,1
423,2175,0
423,6667,2
423,2477,1
423,7100,4
423,9871,4
423,3423,1
423,9495,2
423,467,2
423,862,5
423,2818,0
423,5830,2
423,2312,0
423,2380,0
423,8243,2
423,5599,3
423,128,0
423,6556,2
423,7685,4
423,8380,2
423,4648,1
423,1576,3
423,2786,1
423,2066,4
423,7428,2
423,4546,2
423,1494,1
423,2769,0
423,7960,0
423,8027,3
423,2099,1
423,2231,5
424,4104,2
424,9181,3
424,10000,0
425,7881,0
425,3438,2
425,6701,0
425,506,1
426,3704,2
426,2821,4
426,9579,5
426,8992,4
426,267,5
426,1212,2
426,7227,0
426,7598,1
427,3925,0
427,2128,2
427,6449,5
427,8634,5
427,6429,4
427,8097,2
427,7136,5
427,4315,0
427,3148,2
427,1098,0
427,9536,0
428,8547,0
428,2545,4
428,9945,0
428,4622,4
428,304,4
428,6395,1
428,4795,0
428,7915,4
428,7692,0
428,4719,4
428,2578,4
428,9206,1
428,4867,2
429,590,3
429,5245,0
429,1997,5
429,2679,4
429,8190,2
429,9238,1
429,8506,3
429,8080,3
429,2480,0
429,4467,0
429,9575,1
429,210,4
429,5067,1
429,6669,4
429,8008,2
430,7588,3
430,4111,5
430,4033,1
430,5928,1
430,7156,3
430,28,4
430,515,3
430,4275,2
430,5650,1
430,4627,5
430,4413,0
430,7628,3
430,1151,5
430,4354,4
430,7638,5
430,7798,1
430,4097,4
430,3470,3
430,1385,4
430,1902,4
430,3229,0
430,2494,1
430,8530,4
430,9765,5
430,2339,4
430,8880,3
430,3840,5
430,6068,5
430,588,0
430,6385,2
430,6647,2
430,2429,2
430,3562,1
430,4606,1
430,18,0
430,9810,5
431,4161,3
431,7637,1
431,2493,1
431,9817,2
431,2813,0
431,3749,2
431,6804,5
431,1566,4
431,6674,4
431,9305,4
431,9660,0
431,2744,1
431,7466,0
431,3103,5
431,5070,5
431,7618,4
431,1656,2
431,2978,3
431,559,0
431,6054,1
431,7450,4
431,1540,1
431,6139,3
431,8936,1
431,572,1
431,2012,4
431,3495,2
432,1839,4
432,4785,4
432,3981,3
432,6003,4
432,968,4
433,8542,1
434,8924,0
434,4728,5
434,2331,2
434,9841,0
434,568,2
434,1446,2
434,9611,1
434,9643,5
434,235,4
434,6734,1
434,1795,3
435,6852,5
435,9224,0
435,9383,4
435,8968,4
435,9508,1
435,5737,1
435,7152,5
435,990,2
435,2493,3
435,6025,3
435,106,1
435,2080,3
435,640,2
435,8311,2
435,6832,1
435,890,3
435,4880,3
435,6848,2
435,3608,0
435,3448,1
435,6067,0
435,784,1
435,4870,4
435,3786,3
435,4820,0
435,8601,3
435,1188,2
435,2700,0
435,8912,1
435,2704,2
435,2748,5
435,1524,5
435,6622,5
435,4970,3
435,8452,5
435,9831,3
435,8502,3
435,8477,1
435,7960,5
436,9269,3
436,5969,3
436,3258,1
437,844,1
437,5197,1
437,9210,1
437,1338,1
437,4044,1
437,341,5
437,2604,2
437,924,2
437,4859,0
437,4476,0
437,8047,2
437,3153,1
437,3484,5
437,216,2
437,9257,5
437,7366,3
437,7417,3
437,9275,2
437,9317,4
437,3132,0
437,8101,5
437,1463,0
437,3220,3
437,3208,1
437,418,4
437,3301,1
437,9374,1
437,5429,5
437,4607,1
437,9166,3
437,6708,1
437,2039,4
437,3416,5
437,2165,5
437,3968,5
437,4462,1
437,848,0
437,9453,0
437,8508,2
437,8357,3
437,7171,4
437,2763,4
437,4884,1
437,2801,2
437,6635,5
437,784,3
437,2686,0
438,7455,2
438,3968,0
438,3115,0
438,2520,2
438,5721,0
438,7831,1
438,5254,0
438,3069,5
438,1851,4
438,8772,1
438,1561,2
439,9608,3
439,8002,2
439,7414,5
439,4787,3
439,2074,2
439,789,0
439,5484,2
439,8087,0
439,9492,4
439,791,5
439,5794,4
439,6739,3
439,5585,2
439,4216,0
439,1407,1
440,8755,4
440,9233,3
440,8017,5
440,7373,2
440,6,4
440,7726,1
440,1334,5
440,5930,1
440,3298,4
440,6879,5
440,2366,1
440,5046,2
440,6772,3
440,3653,1
440,9030,3
440,1165,5
440,648,1
440,6900,4
441,8962,3
441,915,1
441,3836,0
441,6636,0
442,2829,4
442,3565,4
442,4561,2
442,2441,0
442,85,5
442,3692,3
442,7526,1
442,4530,1
442,4243,0
442,9014,3
442,7073,0
442,4981,5
442,4343,5
442,5727,4
442,2347,2
442,8678,0
442,4701,1
442,6920,3
442,4305,3
442,2626,1
442,9784,5
442,6102,4
442,9339,0
442,9493,2
443,1076,1
443,4757,4
443,1387,0
443,6305,1
443,5942,3
443,2980,5
443,7167,0
443,5037,1
443,6436,2
443,5332,2
443,4809,0
443,5974,1
443,8157,0
443,1533,4
443,6844,1
443,1777,0
443,582,1
443,7759,5
443,368,1
443,4149,4
443,728,4
443,2521,4
443,48,2
443,8827,2
443,9755,2
443,5504,2
443,3102,0
443,9246,4
443,3299,0
443,8405,1
443,366,2
443,7688,2
443,11,2
443,2625,3
443,5974,3
443,1038,4
444,6316,3
444,508,3
444,2760,2
444,9967,4
444,1705,1
444,1903,2
444,8013,5
444,1255,3
444,1356,0
444,2510,0
444,8666,2
445,9545,0
445,630,3
445,954,0
445,1420,4
445,223,1
446,474,4
446,8991,0
446,7269,3
446,9974,0
446,5229,1
446,9228,2
446,5574,4
446,1252,1
446,8771,1
446,1635,1
446,2208,2
446,2202,5
446,6362,0
447,5062,4
447,115,4
447,1207,5
447,8196,1
447,3286,5
447,977,2
447,6542,5
447,805,1
447,9692,0
447,4069,3
448,9353,5
448,2282,3
448,8788,4
448,9266,5
448,1103,0
449,3161,1
449,9926,5
449,2870,1
449,1757,2
449,7033,0
449,5544,3
449,1921,4
449,5714,1
449,2511,4
449,9789,3
449,2400,0
449,6465,4
449,1462,2
449,7639,5
449,8489,4
449,926,0
449,6061,5
449,9037,5
449,7322,4
449,8157,3
449,177,1
449,6781,1
449,2020,0
449,374,0
449,7877,0
449,7827,3
449,9362,2
449,2592,2
449,5502,2
450,9562,5
450,3955,1
450,1479,5
450,9793,0
450,2872,1
450,3795,4
450,5387,3
450,7572,4
450,5319,2
450,6288,0
450,4726,3
450,9398,4
450,123,2
450,2191,3
450,1260,4
450,647,4
450,4472,3
450,3941,3
450,8164,2
450,5132,5
450,7389,1
450,8496,0
450,6509,0
450,8907,2
450,7956,0
450,692,4
450,4620,2
451,651,0
451,7055,5
451,6144,1
452,4352,5
452,7427,0
452,8338,1
452,8676,0
452,318,1
452,6959,5
452,6606,5
452,7397,1
452,6679,2
452,9307,3
452,1357,2
453,7672,1
453,939,2
453,5037,1
453,9656,4
453,3331,1
453,1810,1
453,6322,2
453,7661,0
453,1910,1
453,6489,5
453,2496,5
453,996,2
453,7406,0
453,2647,5
453,3131,0
453,8850,2
453,6809,1
453,4551,5
454,4877,2
454,1210,2
454,842,1
454,3342,2
454,6186,3
454,3761,0
454,991,4
454,1162,1
454,8105,0
454,8237,2
454,2941,2
455,8578,1
455,1045,5
455,4934,0
455,5682,2
456,8,2
456,4643,2
456,4040,3
456,5466,3
456,1271,3
456,8875,2
456,9361,1
456,5017,3
456,2373,4
456,7684,1
456,8035,1
456,6656,2
456,9093,0
456,7544,2
456,9340,1
456,286,5
456,4373,3
456,9540,3
456,7806,1
456,9249,4
457,5706,4
457,2710,2
457,9435,3
457,7927,4
457,768,3
457,8290,4
457,4460,0
457,8813,5
457,2186,2
457,690,3
457,817,1
457,7490,3
457,6137,5
457,1373,5
457,6628,2
457,5449,5
457,7283,0
457,6905,2
457,1400,5
457,9063,4
457,8231,2
457,5848,4
458,3942,2
458,6865,2
458,43,5
459,3076,3
459,5798,5
459,6225,1
459,2812,4
459,9698,4
459,1314,5
459,3983,4
459,9620,2
459,8336,3
459,3948,0
459,6950,5
459,8480,4
459,9594,4
459,9816,5
459,8273,1
459,3150,1
459,162,1
459,8161,3
459,3895,4
459,8154,0
459,2873,0
459,7760,1
459,2705,4
459,2135,5
459,3977,4
459,142,4
459,5403,1
459,4957,0
459,1954,1
459,7684,0
459,2785,4
459,1836,1
459,3599,4
459,5195,5
459,7257,2
459,7237,4
459,2798,2
459,9494,4
459,9482,0
459,1924,5
459,4527,0
459,8380,4
459,9434,5
459,9294,4
459,8472,0
459,7045,0
459,2543,4
459,8238,5
459,689,0
460,5370,4
460,6928,1
460,679,3
460,9926,3
460,3700,1
460,5423,2
460,6656,1
460,6202,3
460,3410,5
460,7669,3
460,6049,1
460,2426,1
460,9573,2
460,6287,1
460,6974,2
460,3248,0
460,7541,5
460,3062,0
460,703,1
460,5083,3
460,7779,0
460,2375,4
460,7867,1
461,2114,5
461,6339,4
461,3874,1
461,7476,1
461,8013,2
461,3592,2
461,5823,1
461,7533,2
461,6889,3
461,5148,3
461,5942,2
461,9379,3
461,2495,2
461,6578,1
461,1571,4
461,5228,4
461,6353,3
461,3110,1
461,3315,2
461,1399,4
461,5615,4
461,1238,0
461,317,0
461,1468,0
461,8119,4
461,4221,0
462,7838,1
462,6435,2
462,8923,4
462,320,4
462,1075,5
462,6536,2
462,5887,4
462,8875,0
462,1522,0
462,8565,4
462,6311,5
462,6723,5
462,983,3
462,9372,4
462,3358,4
462,7593,2
462,3685,2
462,7587,2
462,1074,5
462,8359,1
462,3276,4
462,523,1
462,3787,4
462,5203,0
462,1680,5
462,5062,3
462,4526,5
462,9368,0
462,2428,2
462,4242,4
462,4208,3
462,1853,1
462,7615,1
462,3688,2
462,9918,3
462,7920,5
463,882,3
463,7748,0
463,2597,2
463,1159,4
464,83,2
464,8913,2
464,6478,2
464,999,2
465,9042,0
465,1602,0
465,9270,2
465,621,3
465,4447,5
465,7530,3
465,5657,2
465,8533,5
465,434,2
465,137,2
465,2224,2
465,6505,1
465,376,0
465,2918,1
465,8944,0
465,3335,4
465,7880,3
465,5641,3
465,9720,0
465,1653,5
465,4455,4
465,3854,5
465,679,2
465,9348,5
465,6675,3
465,784,0
465,2132,0
466,4343,2
466,4735,5
466,1523,4
466,4822,4
467,4515,1
467,3344,2
467,8407,2
467,8614,2
467,9308,4
467,751,5
467,8294,2
467,3966,1
467,7953,2
467,1985,5
467,3716,5
467,3385,2
467,1128,0
467,2756,3
467,4118,2
467,4044,4
467,9493,5
467,2426,5
467,8668,3
467,7043,1
467,8086,4
467,5661,4
467,4422,5
467,2902,4
467,9694,5
467,6828,5
467,1536,3
467,2297,3
468,2705,4
468,4293,3
468,5426,3
468,9611,2
468,8873,1
468,5829,2
468,3311,2
468,7412,4
468,877,5
468,8646,2
468,4379,1
468,7855,0
468,7533,4
468,2582,5
468,5035,0
468,5146,1
468,4142,4
468,2581,3
468,2125,2
468,4200,3
468,4538,3
468,5157,2
468,3295,4
468,9694,0
468,1311,1
468,1599,1
468,5762,2
468,2604,3
468,5657,5
468,7233,3
468,7426,5
468,1249,3
468,99,4
468,7236,1
468,76,5
468,6847,0
468,9873,0
468,433,2
468,8355,2
468,5415,1
468,5141,0
468,300,1
468,4775,4
468,9705,5
468,183,3
468,5213,4
468,5253,3
468,4354,0
469,7051,0
469,7425,1
469,4841,2
469,3000,5
469,4951,2
469,7772,2
469,3818,5
469,1961,4
470,2665,2
470,4899,1
471,7839,5
472,5213,2
472,1392,4
472,2595,5
472,8133,1
472,8901,2
472,8254,1
472,1625,1
472,1672,1
473,2567,3
473,674,2
473,2663,3
473,4223,3
473,4367,5
473,4451,4
473,9058,2
473,1913,2
473,159,1
473,4451,1
473,387,4
473,4067,0
473,5364,0
473,3598,3
473,8867,5
473,665,1
473,7429,3
473,678,2
473,7859,3
473,8370,4
473,4607,1
474,8881,3
474,6636,1
474,4933,5
474,1286,0
474,8870,0
474,4625,5
474,3612,2
474,1872,2
474,9110,0
474,9974,3
474,2886,3
474,3871,3
474,2515,1
474,1495,4
474,1071,1
474,3614,2
474,9207,2
474,2420,5
474,9562,4
474,2987,4
474,6570,2
474,6804,1
474,5766,4
474,9694,1
474,7257,3
474,6900,5
474,6291,5
474,5640,4
474,4428,5
474,9892,5
474,1505,3
474,2112,5
474,1213,2
475,2510,3
475,7049,4
475,3417,2
475,2748,2
475,991,3
476,7712,0
477,3230,1
478,4079,2
478,7320,4
478,8722,4
478,5188,4
478,5961,3
478,7960,1
478,158,2
478,4320,2
478,2325,2
478,927,0
478,1922,1
478,9741,2
478,319,5
478,1748,1
478,2555,1
478,4339,4
478,7153,0
478,9691,5
478,3517,2
478,930,5
478,4576,4
478,6271,5
478,934,1
478,8404,5
478,747,3
478,5347,4
478,6771,3
478,2126,4
478,6385,2
478,7080,0
478,9036,3
478,4286,3
478,469,2
478,4115,1
478,9093,2
478,6883,2
478,1367,5
478,2383,5
478,1211,4
478,1691,1
478,3346,5
478,9550,5
478,3170,2
479,3060,1
479,6691,0
479,5631,1
479,3729,1
479,2363,0
480,8787,0
480,8787,4
480,6336,2
480,6238,4
480,6652,4
480,277,5
480,5206,0
480,3916,4
480,1590,4
480,2359,4
480,7435,2
481,2613,4
481,5035,3
481,165,0
481,6876,2
481,2395,3
481,7324,2
481,2192,1
481,5795,1
481,8294,4
481,9746,0
481,6579,5
481,7085,4
481,5712,4
481,8945,3
481,7702,0
481,2113,4
481,8029,4
481,1720,5
481,7214,0
481,6680,3
481,3902,5
481,6420,0
481,238,4
481,1868,1
481,245,4
481,9489,2
481,2800,0
481,8779,4
481,6841,4
481,5560,1
481,9315,2
481,6205,2
481,9350,4
482,2238,0
482,3527,1
482,5255,0
482,927,1
482,560,2
482,3645,3
482,1359,1
482,233,5
482,2400,0
482,7165,1
482,5654,5
482,6595,0
482,166,0
482,5873,3
482,1529,0
482,2305,1
482,3392,4
482,4038,3
482,6507,5
482,2015,2
482,2860,2
482,1422,2
482,692,1
482,2832,2
482,8581,2
482,2493,2
482,3417,5
482,2499,5
482,6859,5
482,7420,3
482,8435,3
482,8474,3
482,4524,1
482,4771,0
482,4879,3
482,7465,4
482,2324,4
482,9508,2
482,677,5
482,1414,2
482,9657,0
482,3282,2
482,977,5
482,4517,3
482,933,1
482,3131,2
482,3473,1
482,3009,3
482,3418,1
482,6147,4
483,5957,1
483,9784,0
483,3838,4
483,3866,5
483,2183,1
483,2764,4
483,81,5
483,9414,2
483,2704,2
483,5251,3
483,4508,5
483,6440,3
483,6008,3
483,7422,4
483,7172,1
483,1027,4
483,7756,1
483,5406,4
483,7103,5
483,8526,2
483,2515,0
484,4308,3
484,572,1
484,8942,0
484,7517,4
484,8246,2
484,6659,2
484,109,0
484,9886,3
484,3429,1
484,9491,0
484,6093,3
484,2259,5
484,8384,4
484,7531,3
484,8223,3
484,8742,2
484,7386,0
484,568,0
484,5261,4
484,2566,4
484,507,5
484,8139,4
484,8380,1
484,2813,4
484,9087,5
484,7202,4
484,8814,4
484,6161,5
484,583,3
485,8616,4
486,4905,3
486,328,4
486,4353,3
486,7312,4
486,3313,5
486,1359,1
486,4939,3
486,7145,5
486,6642,5
486,7805,0
486,3414,5
486,3974,2
486,4717,2
486,1625,3
486,5738,5
486,8902,1
486,740,4
486,2569,4
486,1060,2
486,1058,4
486,5875,4
486,7052,4
486,6541,0
486,5180,1
486,4681,4
486,9198,2
486,8538,3
486,1375,1
486,8002,5
486,8734,4
486,8443,0
487,1998,3
488,1707,1
488,8507,1
488,8990,0
488,4058,3
489,9244,4
489,9752,0
489,6496,1
489,3005,1
489,1861,4
489,9840,1
489,9625,1
489,7485,0
489,9924,0
490,8619,1
490,968,2
490,6844,1
490,6188,0
490,7560,0
490,622,2
490,957,2
490,7752,5
490,641,3
490,3220,2
490,6556,2
490,1537,4
490,5976,3
490,8717,0
490,5797,4
490,341,5
490,957,4
490,3243,4
490,8575,5
490,5355,0
490,759,5
490,4285,0
490,2113,1
490,8868,2
490,9959,0
490,149,2
490,9005,1
490,6490,5
490,3957,2
490,7904,5
490,1275,3
490,9605,1
490,1936,4
490,5400,1
490,651,1
491,6299,3
491,8476,5
491,6121,0
491,5578,2
491,2272,3
491,4746,3
491,8274,1
491,113,0
491,8849,2
491,5805,3
491,9195,3
491,9005,5
491,46,3
491,1933,4
491,9549,2
491,9488,2
491,3753,3
491,8144,3
491,4689,3
492,5316,4
492,8017,3
492,8672,0
492,1750,0
492,985,4
492,1326,0
492,145,3
492,8643,3
492,8011,3
493,719,0
493,6043,0
493,798,3
493,9331,4
493,4072,1
493,4139,2
493,7978,5
493,6462,0
493,6006,4
494,1538,0
494,7768,4
494,1498,3
494,3195,0
494,6424,0
494,7457,3
494,8867,0
494,5097,0
494,3607,0
494,7384,3
494,2382,0
494,9586,2
494,7271,3
494,5071,5
494,494,5
494,495,2
494,9645,5
494,5153,2
494,8245,3
494,4344,1
494,1472,3
494,2716,1
495,9527,1
496,8754,5
496,4893,0
496,6687,2
496,2100,5
496,909,4
496,7201,3
496,5685,3
496,8008,3
496,7382,5
496,8440,2
496,8345,3
496,1387,4
496,4208,1
496,9748,5
496,1203,2
496,2841,2
496,3041,5
497,2424,0
497,9,5
497,5659,1
497,2025,2
497,5789,2
497,9595,1
497,4151,2
498,6261,5
498,2784,2
498,84,0
498,751,1
498,6254,4
498,6366,5
498,276,4
498,814,4
498,3634,5
498,3504,3
498,477,4
498,5870,4
498,5442,3
498,6266,1
498,8147,4
498,2001,2
499,9763,5
500,528,5
500,1474,0
500,3825,0
500,3938,4
500,191,1
500,5690,4
500,6267,4
500,4482,5
500,87,3
500,1939,2
500,9768,0
